Ewan,Bompiani,ebompian
Neevin,Condron,ncondron
Arsalan,Ancalade,aancalad
Abdulhaq,Amboree,aamboree
Gibson,Allison,gallison
Ayomide,Dearmore,adearmor
Athesh,Eagy,aeagy
Silvio,Dildy,sdildy
Armaan,Benauides,abenauid
Travers,Farella,tfarella
Bayley,Beaman,bbeaman
Youssef,Cousar,ycousar
Zakarie,Bok,zbok
Cezary,Freudenberger,cfreuden
Daniel-James,Edney,dedney
Dougall,Brummet,dbrummet
Mateusz,Barkus,mbarkus
Reeco,Cadet,rcadet
Sinan,Fakhouri,sfakhour
Howie,Gaber,hgaber
Kairan,Denbow,kdenbow
Alihan,Daughtry,adaughtr
Breandan,Fregoso,bfregoso
Ruadh,Cakanic,rcakanic
Ari,Ferugson,aferugso
Azaan,Barrero,abarrero
Kaylen,Ascheman,kaschema
Teegan,Boeckx,tboeckx
Hudson,Doman,hdoman
Reginald,Ewell,rewell
Chukwubudike,Brookshier,cbrooksh
Kody-Lee,Cogdill,kcogdill
Graeme,Bartgis,gbartgis
Kayden,Giffee,kgiffee
Lauchlan,Giovanni,lgiovann
Gaetano,Arcila,garcila
Rakan,Behne,rbehne
Israel,Cernansky,icernans
Mahdy,Eron,meron
Aydan,Alie,aalie
Derek-James,Brueckner,dbrueckn
Owain,Behal,obehal
Hongming,Eller,heller
Kayden-Lee,Engelman,kengelma
Caio,Frelow,cfrelow
Tonio,Faraimo,tfaraimo
Muir,Ahsing,mahsing
Nicolo,Halyk,nhalyk
Quentin,Alejandrez,qalejand
Marcell,Gouldsberry,mgouldsb
Shazil,Hardester,shardest
Issac,Cushway,icushway
Jaxon-Ray,Elzinga,jelzinga
Mason-Lee,Colten,mcolten
Marco,Ginsberg,mginsber
Ezekiel,Curt,ecurt
Maksymilian,Feno,mfeno
Ephraim-Pedro,Eighmey,eeighmey
Wayde,Farrey,wfarrey
David-Junior,Degrandpre,ddegrand
Julian,Carran,jcarran
Cathan,Brojakowski,cbrojako
Hakki,Dellefave,hdellefa
Keifer,Englade,kenglade
Arryn,Golden,agolden
Hari,Cercone,hcercone
Ricardo,Coppa,rcoppa
Oghenerute,Byant,obyant
Samuel,Baney,sbaney
Gexian,Civale,gcivale
Andrew-John,Frampton,aframpto
Matei,Gourlay,mgourlay
Asfand,Franze,afranze
Rishaan,Hannaway,rhannawa
Gideon,Ardion,gardion
Nathan-James,Condino,ncondino
Shaqeal,Hardel,shardel
Taylan,Dimarco,tdimarco
Zane,Finlayson,zfinlays
Sal,Fore,sfore
Thinnapob,Haros,tharos
Johan,Beddo,jbeddo
Tyler-John,Gertelman,tgertelm
Don,Deja,ddeja
Krystian,Barze,kbarze
Rayvan,Dhein,rdhein
Kameron,Arviso,karviso
Khamis,Bure,kbure
Kasjan,Cobler,kcobler
Nkosi,Buxbaum,nbuxbaum
Steven,Gillitzer,sgillitz
Yejun,Dirks,ydirks
Najjash,Buterbaugh,nbuterba
Shane,Borenstein,sborenst
Jensyn,Bickmore,jbickmor
Shayan,Castellari,scastell
Kallan,Glaves,kglaves
Karanjeet,Gallian,kgallian
Hardeep,Betzer,hbetzer
Jaylan,Gaiter,jgaiter
Jakson,Boyken,jboyken
Rhiley,Bracher,rbracher
Danoush,Antolak,dantolak
Wisdom,Farron,wfarron
Ewan-James,Gubler,egubler
Shaye,Callagher,scallagh
Antony,Gloria,agloria
Noyan,Gatti,ngatti
Nkosinathi,Deuel,ndeuel
Josef,Gossow,jgossow
Callun,Brodzik,cbrodzik
Kie,Burgdorf,kburgdor
Abdul-Aziz,Fortino,afortino
Bruce,Carlisle,bcarlisl
Dimtry,Deimund,ddeimund
Adlai,Belleau,abelleau
Rego,Hanford,rhanford
Codey,Cederstrom,ccederst
Marceli,Haislett,mhaislet
Rana,Bacerra,rbacerra
Motiejus,Bustamente,mbustame
Rhudi,Blissett,rblisset
Brian,Adell,badell
Andres,Dwornik,adwornik
Reehan,Cooperider,rcooperi
Reigan,Caughey,rcaughey
Ravindran,Bacher,rbacher
Lloyd,Bossler,lbossler
Oliwier,Boros,oboros
Aleksandrs,Daudier,adaudier
Haamid,Dellaporta,hdellapo
Shayne,Beilman,sbeilman
Roghan,Bloodough,rbloodou
Olli,Botras,obotras
Daanish,Anson,danson
Alfred,Adesso,aadesso
Atahualpa,Chesley,achesley
Nojus,Begley,nbegley
Johnathan,Gusky,jgusky
Marten,Aumann,maumann
Mohab,Blackard,mblackar
Gillan,Dakin,gdakin
Elyjiah,Eichstadt,eeichsta
Aleksander,Dolphin,adolphin
Teejay,Cosden,tcosden
Dean,Carli,dcarli
Noe,Deuser,ndeuser
Kalib,Gallero,kgallero
Stefanos,Hargens,shargens
Gagandeep,Bucek,gbucek
John-Alan,Bullin,jbullin
Kallen,Endlich,kendlich
Marc,Barfoot,mbarfoot
Rory,Giannell,rgiannel
Roddy,Cailler,rcailler
Toluwalase,Gers,tgers
Azan,Earleywine,aearleyw
Ramsey,Chall,rchall
Tarlach,Coryea,tcoryea
Izack,Bi,ibi
Darren,Acencio,dacencio
Kinley,Foks,kfoks
Kairav,Ender,kender
Ernest,Fiesel,efiesel
Matas,Goettig,mgoettig
Idris,Dorrell,idorrell
Dax,Dahlen,ddahlen
Keyon,Burdin,kburdin
Yigit,Forren,yforren
Pierce,Behl,pbehl
Coire,Gorczynski,cgorczyn
Lawson,Alred,lalred
River,Badagliacca,rbadagli
Shaunpaul,Genzone,sgenzone
Fergie,Daine,fdaine
Arham,Greenberg,agreenbe
Casyn,Grinie,cgrinie
Bobbie,Eastmond,beastmon
Ainsley,Foulkes,afoulkes
Krishna,Beecher,kbeecher
Linden,Bozek,lbozek
Luie,Gargani,lgargani
Samson,Goggins,sgoggins
Frederico,Guerrero,fguerrer
Logan-Kerr,Dermer,ldermer
Kaidan-James,Bun,kbun
Palaksh,Cabada,pcabada
Ryly,Bluhm,rbluhm
Annan,Davids,adavids
Caled,Frenger,cfrenger
John-Paul,Galbreth,jgalbret
Harrish,Elizalde,helizald
Othello,Azim,oazim
Khylin,Enmon,kenmon
Craig,Bonifant,cbonifan
Faolan,Eiselman,feiselma
Rhys,Abbinanti,rabbinan
Kristopher,Ahrendes,kahrende
Arczi,Greek,agreek
Cormak,Groesbeck,cgroesbe
Romans,Hanold,rhanold
Aleks,Batres,abatres
Shaurya,Fairbanks,sfairban
Alphie,Gravat,agravat
Vaughn,Alward,valward
Veeraaj,Hartgerink,vhartger
Kabir,Duhan,kduhan
Rahul,Blegen,rblegen
Monroe,Droege,mdroege
Ahmad,Bostian,abostian
Avery,Curenton,acurento
Robbi,Cahillane,rcahilla
Kas,Asbill,kasbill
Alisdair,Cheaney,acheaney
Blyth,Broadie,bbroadie
Steffan,Callihan,scalliha
Toryn,Baldos,tbaldos
Baillie,Earnhart,bearnhar
Konchog,Gandee,kgandee
Balmeet,Benhaim,bbenhaim
Sultan,Chan,schan
Brock,Goldie,bgoldie
Jadon,Allwood,jallwood
Leelin,Derenzi,lderenzi
Cormack,Friesner,cfriesne
Leon,Crady,lcrady
Oisin,Cuffari,ocuffari
Hanson,Bucknell,hbucknel
Eddison,Ehrhardt,eehrhard
Lewis-Fraser,Atkison,latkison
Gautam,Flota,gflota
Tomas,Gober,tgober
Barna,Andras,bandras
Cory,Dorcent,cdorcent
Reylan,Copelan,rcopelan
River,Bovian,rbovian
Abdulaziz,Brentari,abrentar
Ricky,Cwiakala,rcwiakal
Kalum,Bunkers,kbunkers
Kylan,Carver,kcarver
Prea,Hanberg,phanberg
Muhammad-Ali,Desselle,mdessell
Sol,Borgia,sborgia
Marcel,Borrolli,mborroll
Stevieray,Bockman,sbockman
Lyndon-Jac,Birton,lbirton
Caelum,Freire,cfreire
Abdurrehman,Grandmaison,agrandma
Archibald,Donivan,adonivan
Emmanuel,Culnane,eculnane
Eugene,Goris,egoris
Karol,Drier,kdrier
Hareesh,Guillet,hguillet
Albert,Crofton,acrofton
Mohamad,Bussen,mbussen
Mekhi,Halen,mhalen
Renny,Dibben,rdibben
Viktor,Figurski,vfigursk
Artur,Bortle,abortle
Wilfred,Dargie,wdargie
Naeem,Chaiken,nchaiken
Azeem,Frayre,afrayre
Dainton,Dague,ddague
Nusayr,Buzby,nbuzby
Denholm,Froehle,dfroehle
Zioraife,Giallorenzo,zgiallor
Lewi,Erebia,lerebia
Saurya,Dietsche,sdietsch
Lihuel,Colebrook,lcolebro
Ammaar,Belson,abelson
Kaydin-Lee,Coccia,kcoccia
Kashif,Denick,kdenick
Zahir,Cannizzaro,zcannizz
Struan,Feenstra,sfeenstr
Charly-Taylor,Bronn,cbronn
Jarell,Biber,jbiber
Gustave,Guidroz,gguidroz
Feargus,Eisenhart,feisenha
Elijus,Brunken,ebrunken
Temidayo,Balbuena,tbalbuen
Damien,Glicken,dglicken
Grann,Beto,gbeto
Malki,Collison,mcolliso
Kooper,Depietro,kdepietr
Ayomide-David,Fraughton,afraught
Sehejjot,Harcar,sharcar
Haydn,Bossenbroek,hbossenb
Evanas,Cink,ecink
Jonathan,Abts,jabts
Umair,Bogen,ubogen
Rehan,Graber,rgraber
Matyas,Desfosses,mdesfoss
Jathniel,Gail,jgail
Tobias,Carlucci,tcarlucc
Oluwatomiwa,Bynes,obynes
Raiden,Foos,rfoos
Gabrielius,Deleone,gdeleone
Mohammed-Ibrahim,Esoimeme,mesoimem
Bastien,Deavers,bdeavers
Alex,Capozzi,acapozzi
Edin,Grunlien,egrunlie
Mazin,Beeson,mbeeson
Che,Ducatelli,cducatel
Otto,Blasini,oblasini
Shay,Dockham,sdockham
Quentin,Gazo,qgazo
Jeremi,Dugas,jdugas
Tye,Campell,tcampell
Bhodi,Eastern,beastern
Diljit,Frontera,dfronter
Onuh,Byram,obyram
Sahel,Fafard,sfafard
Ibraheem,Dreuitt,idreuitt
Keshav,Ashmen,kashmen
Lewe,Burneisen,lburneis
Quinnlan,Babineaux,qbabinea
Jack,lastname,jlastnam
Devvan,Dehoff,ddehoff
Aarav,Crowford,acrowfor
Cornelius,Flippin,cflippin
James,Faver,jfaver
Brad,Eaves,beaves
Aodhan,Brightwell,abrightw
Nishaad,Estala,nestala
Cameron-Jack,Frerich,cfrerich
Arash,Davney,adavney
Leonce,Erdahl,lerdahl
Rohan,Crippen,rcrippen
Cailen,Basler,cbasler
Murray,Divoll,mdivoll
Kalib,Coatley,kcoatley
Louden,Auala,lauala
Fallon,Arauz,farauz
Ihsan,Buell,ibuell
Abdulhamid,Durhan,adurhan
Archibald,Agpaoa,aagpaoa
Eddie,Ahlm,eahlm
Saleh,Bagger,sbagger
Zane,Gleim,zgleim
Shubhnamdeep,Dilan,sdilan
Bert,Benkert,bbenkert
Loic,Haggen,lhaggen
Ardan,Chenevey,acheneve
Ruach,Gelner,rgelner
Daniel,Fawcett,dfawcett
Conner-William,Friedstrom,cfriedst
Reilley,Bleyl,rbleyl
Max,Abasta,mabasta
Harry,Aarons,haarons
Yousuf,Baloy,ybaloy
Zakee,Covalt,zcovalt
Muchuan,Conaughty,mconaugh
Lui,Derosby,lderosby
Haelan,Elhard,helhard
Linden,Chadd,lchadd
Stellan,Cauthron,scauthro
Ayan,Battani,abattani
Hayder,Dalere,hdalere
Yahya,Bouler,ybouler
Kingston,Asmussen,kasmusse
Loui,Gouker,lgouker
Dieudonne,Bruins,dbruins
Isaque,Armas,iarmas
Vincent,Crissler,vcrissle
Kyron,Damms,kdamms
Hector,Adas,hadas
Colm,Deeters,cdeeters
Azyaan,Grenke,agrenke
Momin,Blackham,mblackha
Kobe,Alderete,kalderet
Layne,Haerter,lhaerter
Klayton,Cessor,kcessor
Kadir,Clyde,kclyde
Zhe,Hasenfratz,zhasenfr
Michal,Cashion,mcashion
Martyn,Bawek,mbawek
Muhammad-Ibrahim,Avellaneda,mavellan
Baxter,Albanez,balbanez
Kamran,Guymon,kguymon
Jordi,Goelz,jgoelz
Russell,Dosh,rdosh
Arthur,Giernoth,agiernot
Haziim,Argust,hargust
Eliaas,Fuell,efuell
Taaha,Dillworth,tdillwor
Sean-Thomas,Boarts,sboarts
Ishaq,Delucchi,idelucch
Kairon,Coan,kcoan
Johnnie,Cerrillo,jcerrill
Amrit,Graybeal,agraybea
Idris,Crutison,icrutiso
Zaiden,Fauci,zfauci
Ansen,Francia,afrancia
Temidayo,Dimascio,tdimasci
Arman,Aliano,aaliano
Ritchie,Faas,rfaas
Zakk,Bowell,zbowell
Trey,Draheim,tdraheim
Jayden-Scott,Bukowiecki,jbukowie
Zaim,Ghiringhelli,zghiring
Mackay,Audia,maudia
Larson,Gant,lgant
Rhylie,Behrendt,rbehrend
Aspen,Franzone,afranzon
Edward,Creel,ecreel
Carlo,Ahle,cahle
Sebastian,Capuano,scapuano
Carey,Angermeier,cangerme
Anhad,Francescone,afrances
Bo,Debiew,bdebiew
Khizr,Engwall,kengwall
Courage,Defosses,cdefosse
Ruairi,Fenech,rfenech
Cailan,Bramhall,cbramhal
Kobie,Ensell,kensell
Averey,Ealick,aealick
Rana,Cooley,rcooley
Mauro,Auricchio,mauricch
Fyfe,Goebel,fgoebel
Shree,Corolis,scorolis
Chinua,Flieller,cflielle
Sahil,Cords,scords
Yiting,Canlas,ycanlas
Claude,Anker,canker
Laisiasa,Ganong,lganong
Mckinley,Alterman,malterma
Karl,Cervantsz,kcervant
Jayden-James,Dallago,jdallago
Essi,Delariva,edelariv
Ergi,Cimaglia,ecimagli
Aydin,Barringer,abarring
Suliman,Corriveau,scorrive
Otis,Csizmadia,ocsizmad
Jordan-James,Galeas,jgaleas
Rithul,Dicken,rdicken
Yusuf,Feramisco,yferamis
Grayson-K,Elfenbein,gelfenbe
Ryan,Bolig,rbolig
Axel,Ginn,aginn
Roy,Bouknight,rbouknig
Muhammed,Aden,maden
Anh,Belvins,abelvins
Abrar,Breslawski,abreslaw
Arthos,Dayton,adayton
Denis,Beaumonte,dbeaumon
Mazin,Haldane,mhaldane
Dayne,Berliew,dberliew
Sidhart,Boccella,sboccell
Nihad,Gate,ngate
Preston-John,Gaytan,pgaytan
Jack,Giampaolo,jgiampao
Abdualmalik,Duren,aduren
Jaimie,Bianchin,jbianchi
Aidyn,Bazzle,abazzle
Tiago,Bracklin,tbrackli
Franklyn,Funck,ffunck
Campbell,Crest,ccrest
Nicholas,Bonnet,nbonnet
Inigo,Gullatte,igullatt
Kieffer,Enno,kenno
Osker,Gavagan,ogavagan
Zavier,Discipio,zdiscipi
Enda,Eidem,eeidem
Maddox,Dumas,mdumas
Tommi,Baldini,tbaldini
Arian,Anagnost,aanagnos
Emrys,Fugler,efugler
Percival,Evanchyk,pevanchy
Jaimmie,Elstner,jelstner
Raunak,Evon,revon
Sandy,Gleckler,sgleckle
Cruze,Defrang,cdefrang
Rafay,Gearin,rgearin
Cru,Frigon,cfrigon
Lucian,Folta,lfolta
Andrei,Bowersock,abowerso
Palam,Devlin,pdevlin
Luca,Dobey,ldobey
Jayden-Lee,Bickart,jbickart
Mckenzi,Comas,mcomas
Lucas-James,Hagmaier,lhagmaie
Aris,Brilowski,abrilows
Annek,Greaser,agreaser
Kylen,Deprofio,kdeprofi
Stirling,Hargreaves,shargrea
Taig,Gerich,tgerich
Tevis,Coshow,tcoshow
Cohen,Felber,cfelber
Marcelo,Bisio,mbisio
Marr,Garnto,mgarnto
Klay,Alouf,kalouf
Talisker-Brett,Harkley,tharkley
Manveer,Burwood,mburwood
Reda,Diallo,rdiallo
Fernando,Guedea,fguedea
Aleksy,Briddell,abriddel
Nicky,Aw,naw
Serko,Difranco,sdifranc
Leander,Follin,lfollin
Colbie,Groberg,cgroberg
Keir,Felicien,kfelicie
Anashe,Cheda,acheda
Florin,Cirioni,fcirioni
Ameer,Casola,acasola
Yannic,Ballweg,yballweg
Phoenix-Atley,Evanski,pevanski
Antoine,Dyen,adyen
Giorgo,Gugerty,ggugerty
Coray,Anning,canning
Lev,Hagan,lhagan
Shimon,Dijulio,sdijulio
Norman,Hamberlin,nhamberl
Ashaz,Chesbrough,achesbro
Dougal,Bourff,dbourff
Corbey-James,Defiguero,cdefigue
Beau,Bottin,bbottin
Daniil,Berkbigler,dberkbig
Sarp,Harbold,sharbold
Seemonsh,Corliss,scorliss
Seonaidh,Cyganiewicz,scyganie
Adbul,Bressi,abressi
Sean-Paul,Champey,schampey
Filip,Gildner,fgildner
Marius,Fitzsimons,mfitzsim
Otto,Devins,odevins
Rupert,Casile,rcasile
Tawana-Nyasha,Balandran,tbalandr
Axel,Feroz,aferoz
Hayder,Clausi,hclausi
Ragiu,Dewulf,rdewulf
Torfinn,Gerst,tgerst
Paarmik,Azure,pazure
Kyan,Boudreau,kboudrea
Enzo,Glance,eglance
Lailoken,Eppihimer,leppihim
Abdur-Raheem,Darsow,adarsow
Drostan,Ciarrocchi,dciarroc
Shahood,Bahrke,sbahrke
Gurseerit,Arenas,garenas
Ezra,Feikles,efeikles
Woody,Cuizon,wcuizon
Auryn,Chessman,achessma
Aalyan,Durall,adurall
Cairo,Ebey,cebey
Zanemvula,Faulhaber,zfaulhab
Rhylee,Grabonski,rgrabons
Derin,Dehghani,ddehghan
Shan,Calixtro,scalixtr
Steven,Doeden,sdoeden
Caden,Bordi,cbordi
Yossif,Fastic,yfastic
Leonardo,Carlozzi,lcarlozz
Trent,Cavalero,tcavaler
Makoto,Aughenbaugh,maughenb
Yaseen,Goist,ygoist
Rhylie,Breck,rbreck
Kaden,Douds,kdouds
Bode,Freedlander,bfreedla
Oluwadarasimi,Connick,oconnick
Cailaen,Decarr,cdecarr
Joshvin,Cluff,jcluff
Koby-Orezimena,Depena,kdepena
Alisdair,Bridgett,abridget
Phindamandla,Babe,pbabe
Heathcliff,Guire,hguire
Muntazir,Destiche,mdestich
Anoop,Chehebar,acheheba
Axl,Fleitman,afleitma
Russell,Fingal,rfingal
Abdallah,Goodenow,agoodeno
Stephen-Paul,Gerbs,sgerbs
Couper,Bergmark,cbergmar
Makhtar,Colling,mcolling
Aurrie,Deans,adeans
Emmanuel,Cartner,ecartner
Kit,Catrini,kcatrini
Ethan-James,Berum,eberum
Eshan,Brangan,ebrangan
Dobromir,Egnor,degnor
Premo,Babich,pbabich
Rhys,Bolliger,rbollige
Manuel,Aujla,maujla
Kordian,Gottlob,kgottlob
Maris,Auldridge,mauldrid
Alfy,Foxhoven,afoxhove
Taylan,Bowdich,tbowdich
Cailin,Chionchio,cchionch
Crisdean,Edison,cedison
Muzzammil,Detamble,mdetambl
Elvis,Bruno,ebruno
Jameel,Buggy,jbuggy
Malin,Auguste,mauguste
Gio,Alby,galby
Rorrison,Gelle,rgelle
Adeel,Granier,agranier
Francesco,Ejide,fejide
Justin,Acor,jacor
Eduard,Batun,ebatun
Colby,Bartee,cbartee
Viaan,Canales,vcanales
Eulon,Besa,ebesa
Jan,Ada,jada
Cruz,Felver,cfelver
Kellan,Cryderman,kcryderm
Dallan,Christine,dchristi
Connor-William,Broten,cbroten
Vivan,Gessert,vgessert
Awad,Deare,adeare
Mivaan,Gartley,mgartley
Alasdair,Accomando,aaccoman
Abdurrahmaan,Brescia,abrescia
Koby,Doxon,kdoxon
Woodi,Hartory,whartory
Aaronjit,Brendle,abrendle
Harry-James,Arguelles,harguell
Teifion,Germaine,tgermain
Adetoyosi,Chartrand,achartra
Miron,Busman,mbusman
Ziyad,Boldrin,zboldrin
Mike,Gonalez,mgonalez
Sidharth,Forester,sforeste
Shazain,Digmann,sdigmann
Nero,Gaster,ngaster
Jeremiasz,Arostegui,jarosteg
Marino,Busbee,mbusbee
Dean-Alexander,Egan,degan
Leo,Gianelli,lgianell
Mikael,Garrow,mgarrow
Voesung,Cancio,vcancio
Austen,Benear,abenear
Gabriele,Daisy,gdaisy
Mutaz,Blackwell,mblackwe
Aaron,Canzio,acanzio
Georgios,Guevara,gguevara
Ruari,Borcher,rborcher
Johnpaul,Brasier,jbrasier
Edan,Dudziak,edudziak
Irvine,Bourns,ibourns
Emmett,Fiscalini,efiscali
Karrar,Engbretson,kengbret
Chizitera,Dederick,cdederic
Zavier,Covello,zcovello
Ajeesh,Bellisle,abellisl
Davide,Antonini,dantonin
Romain,Cains,rcains
Culbin,Christiana,cchristi
Avery,Anderlik,aanderli
Fergie,Arbuckle,farbuckl
Brayden,Cronan,bcronan
Malloch,Garn,mgarn
Ioannis,Cleavenger,icleaven
Sullivan,Boddorf,sboddorf
Haryuvraj,Beutel,hbeutel
Wallace,Ballengee,wballeng
Bazyli,Benito,bbenito
Calan,Cuccinello,ccuccine
Howie,Ceretti,hceretti
Isaiah,Brantz,ibrantz
Reagan,Fladger,rfladger
Dallas,Degele,ddegele
Codin,Eddy,ceddy
Orrin,Fickle,ofickle
Leith,Goudie,lgoudie
Kelvin,Fick,kfick
Graeme,Adil,gadil
Sandis,Blyzes,sblyzes
Erim,Bruscino,ebruscin
Rishi,Geis,rgeis
Keyaan,Habenicht,khabenic
Kobie-Rhys,Burgher,kburgher
Li,Birkhimer,lbirkhim
Tyler-Jacob,Harrow,tharrow
Lewis-Dean,Hagele,lhagele
Kaylob,Bignell,kbignell
Enso,Guardado,eguardad
Vihan,Farquer,vfarquer
Kemal,Ashby,kashby
Pietro,Hanafin,phanafin
Geetikveera,Guers,gguers
Kebron,Denner,kdenner
Jabir,Delvin,jdelvin
Jack-Thomas,Elsberry,jelsberr
Jermaine,Bulinski,jbulinsk
Abraham,Dossey,adossey
Kaydin,Denisco,kdenisco
Beau,Gladu,bgladu
Natan,Aguire,naguire
Sascha,Boamah,sboamah
Oisin,Girone,ogirone
Fraser-Lee,Archila,farchila
Kerrin,Coda,kcoda
Darshit,Degooyer,ddegooye
Brennan,Alkana,balkana
Gilan,Eldredge,geldredg
Hantiileh,Eliassen,heliasse
Mohiuddin,Garverick,mgarveri
Pa,Hammon,phammon
Zackery,Balster,zbalster
Reid,Castelan,rcastela
Kilan,Coelho,kcoelho
Albrah,Brickett,abricket
Sam,Abdallah,sabdalla
Najm,Blaese,nblaese
Kemoring,Bilden,kbilden
Jinsu,Demetris,jdemetri
Eljay,Berti,eberti
Josh,Caperon,jcaperon
Thomas-Junior,Darcangelo,tdarcang
Kailen,Bierod,kbierod
Kaie,Coachman,kcoachma
Samad,Caldera,scaldera
Chiemeka,Choinski,cchoinsk
Lennix,Derga,lderga
Eimantas,Applin,eapplin
Brook,Griffith,bgriffit
Ifan,Gabriel,igabriel
Killian,Ferrill,kferrill
Naomhan,Gass,ngass
Hannes,Clarkson,hclarkso
Carlos,Beary,cbeary
Corben,Bottoms,cbottoms
Yussef,Boissy,yboissy
Lyle,Craven,lcraven
Connell,Beau,cbeau
Ridit,Dicarlo,rdicarlo
Cailean,Carnicelli,ccarnice
Taryn,Falto,tfalto
Tai,Fallick,tfallick
Mirza,Bjornstrom,mbjornst
Maxime,Eschrich,meschric
Domenic,Bernoski,dbernosk
Brogen,Anelli,banelli
Philip,Cromedy,pcromedy
Donal,Flodman,dflodman
Aleksandar,Finner,afinner
Magnus,Barczak,mbarczak
Wiktor,Fiechter,wfiechte
Nikos,Gatheright,ngatheri
Toviah,Boettger,tboettge
Aaryn-Paul,Gran,agran
Khalil,Asiedu,kasiedu
Taio,Beiser,tbeiser
Floyd,Florine,fflorine
Yudhveer,Fatheree,yfathere
Remo,Brebes,rbrebes
Shaun-Ralph,Bobino,sbobino
Braedon,Brochard,bbrochar
Clyde,Allateef,callatee
Saam,Cordona,scordona
Mihai,Desko,mdesko
Maxymilian,Brayman,mbrayman
Keyvan,Bille,kbille
Kristopher,Barthlow,kbarthlo
Pyter,Cabrar,pcabrar
Caspian,Freshwater,cfreshwa
Kanye,Cobbin,kcobbin
Niall,Ackers,nackers
Matin,Buser,mbuser
Fearghus,Fullilove,ffullilo
Mikaele,Hall,mhall
Dany,Christon,dchristo
Aaron-James,Dryden,adryden
Marley,Adamowski,madamows
Mads,Garigliano,mgarigli
Karo,Gallimore,kgallimo
Rury,Blount,rblount
Jaece,Elshant,jelshant
Akira,Duskin,aduskin
Nicoll,Buttner,nbuttner
Aubin,Gregorski,agregors
Corrie,Basque,cbasque
Raygen,Haneke,rhaneke
Rudra,Cordasco,rcordasc
Sonny,Abrahams,sabraham
Micah,Adlam,madlam
Yassin,Hartt,yhartt
Diarmuid,Dudenbostel,ddudenbo
Raife,Graaf,rgraaf
Arvin,Anciso,aanciso
Kyle,Capasso,kcapasso
Clifford,Brooms,cbrooms
Jon-Jo,Arrick,jarrick
Braedynn,Bennion,bbennion
Mahruz,Garkow,mgarkow
Tommy-Jay,Campa,tcampa
Reo,Bliese,rbliese
Eoin,Ferrandino,eferrand
Lucah,Colin,lcolin
Etienne,Brussel,ebrussel
Abdualeem,Ambagis,aambagis
Lennon,Abington,labingto
Bivan,Chien,bchien
Remi,Ewoldt,rewoldt
Edgar,Cichosz,ecichosz
Keigen,Gals,kgals
Rhoan,Caesar,rcaesar
Maxim,Dane,mdane
Harry-James,Buda,hbuda
Storm,Callo,scallo
Shuhao,Faisca,sfaisca
Chae,Eckersley,ceckersl
Renato,Cadoff,rcadoff
Jago,Gun,jgun
Haider,Dufer,hdufer
Ken,Denoia,kdenoia
Morrison,Govoni,mgovoni
Broghen,Brockway,bbrockwa
Danimir,Frishman,dfrishma
Pasha,Baack,pbaack
Nakeal,Avilar,navilar
Rinan,Bloemer,rbloemer
Stanislaw,Dorn,sdorn
Leith,Birden,lbirden
Aeryn,Chastant,achastan
Olegs,Aycox,oaycox
Rueban,Diedrick,rdiedric
Rodaidh,Badders,rbadders
Jeremiasz,Demelis,jdemelis
Pavel,Babat,pbabat
Uzair,Farman,ufarman
Mohammed,Dochterman,mdochter
Ian,Crieghton,icrieght
Tahmid,Harkema,tharkema
Sonnie,Baison,sbaison
Henrik,Arico,harico
Kaif,Bednar,kbednar
Sekai,Calica,scalica
Ranald,Evick,revick
Lachlann,Boutet,lboutet
Ariyan,Cheramie,acherami
Cameron-Ryan,Broers,cbroers
Lex,Doyon,ldoyon
Ryeyaan,Gemmell,rgemmell
Presley,Dewhirst,pdewhirs
Alfred,Barras,abarras
Vince,Forney,vforney
Mohammed,Banville,mbanvill
Gael,Duesing,gduesing
Giulio,Elek,gelek
Daxton,Celeste,dceleste
Haiden,Cassells,hcassell
Leonard,Ferdinand,lferdina
Tristain,Dinco,tdinco
Rafe,Dannecker,rdanneck
Johnny,Glaab,jglaab
Juliano,Galicia,jgalicia
Kasim,Bratchett,kbratche
Johnboy,Clough,jclough
Lyncon,Derouen,lderouen
Aarush,Cavel,acavel
Ralph,Casado,rcasado
Bret,Chimeno,bchimeno
Yuvraj,Dirth,ydirth
Iain,Croley,icroley
Kacper,Caravati,kcaravat
Raynald,Gede,rgede
Tian,Alewine,talewine
Odin,Crosier,ocrosier
Mark,Caprice,mcaprice
Mason-James,Garra,mgarra
Egon,Grush,egrush
Zacharias,Breithaupt,zbreitha
Floinn,Fulwider,ffulwide
Lewis-James,Beeker,lbeeker
Cassius,Chiz,cchiz
Jameel,Cliche,jcliche
Alastair,Achille,aachille
Sum,Fall,sfall
Conrad,Branche,cbranche
Kyrie,Gann,kgann
Cash,Berard,cberard
Corrie,Bourbon,cbourbon
Kingsley,Enos,kenos
Hachaliah,Guijarro,hguijarr
Renzo,Hanigan,rhanigan
Abdulkhalid,Chareunrath,achareun
Warrith,Canders,wcanders
Machair,Hai,mhai
Winston,Coult,wcoult
Jan,Gilroy,jgilroy
Ruthven,Danton,rdanton
Emilio,Duellman,eduellma
Magnus,Doidge,mdoidge
Noah-Sean,Congress,ncongres
Ali,Carioscia,acariosc
Sandy,Brackenbury,sbracken
Kornelis,Bimler,kbimler
Mansa,Ertley,mertley
Bence,Frederickson,bfrederi
Hamish,Abete,habete
Akshay,Daub,adaub
Ishar,Gadison,igadison
Mickey,Busing,mbusing
Jamey,Arnao,jarnao
Arryn,Cawthorne,acawthor
Krubel,Gangler,kgangler
Blaine,Caspers,bcaspers
Seyon,Faiella,sfaiella
Ryder,Bloye,rbloye
Mikail,Danesi,mdanesi
Keanen,Asebedo,kasebedo
Tony,Breighner,tbreighn
Miles,Ferrarini,mferrari
Jarrod,Gunsolley,jgunsoll
Rhyley,Hanle,rhanle
Mohamed,Feris,mferis
Csongor,Ansell,cansell
Tighearnan,Cossaboon,tcossabo
Eachann,Ehnis,eehnis
Ruslan,Hantman,rhantman
Cody-James,Alberg,calberg
Connolly,Chrisjohn,cchrisjo
Demis,Ground,dground
Frank,Glauberman,fglauber
Kassius,Engelhard,kengelha
Cayden,Critcher,ccritche
Talal,Cortinas,tcortina
Leoh,Hafford,lhafford
Lisan,Erholm,lerholm
Fergus,Feierman,ffeierma
Prestyn,Blaze,pblaze
Nathaniel,Acierno,nacierno
Hatem,Buddle,hbuddle
Mark,Dodridge,mdodridg
Ali,Creviston,acrevist
Maxwell,Dolder,mdolder
Keith,Fogo,kfogo
Jin,Galavis,jgalavis
Jiyaan,Emch,jemch
Ahyaan,Granthan,agrantha
Isa,Ahmau,iahmau
Ved,Gerwe,vgerwe
Adan,Alapai,aalapai
Ezrah,Bruton,ebruton
Mulham,Blacksmith,mblacksm
Michael-Lee,Halgren,mhalgren
Karol,Bousley,kbousley
Haygan,Fyke,hfyke
Thaswin,Harnist,tharnist
Amani,Duxbury,aduxbury
Caine,Angell,cangell
Stephen,Feisthamel,sfeistha
Igbinosa,Delph,idelph
Blayne,Gribble,bgribble
Kayde,Gallow,kgallow
Arhum,Dawdy,adawdy
Codi,Fierge,cfierge
Tanraj,Gerla,tgerla
Navilan,Halsema,nhalsema
Maksymilian,Donatello,mdonatel
Rishi,Drott,rdrott
Seth,Aceves,saceves
Jenson-James,Gurner,jgurner
Rhoddy,Gehr,rgehr
Shamus,Failor,sfailor
Adarro,Daruszka,adaruszk
Delano,Anzaldo,danzaldo
Hansen,Dellinger,hdelling
Shahan,Digesare,sdigesar
Kabir,Demps,kdemps
Ilie,Beyrer,ibeyrer
Dylan-Lee,Berrien,dberrien
Cassius,Angiolelli,cangiole
Khurram,Askey,kaskey
Andre-Lee,Grazier,agrazier
Liam,Dittus,ldittus
Arshman,Brindel,abrindel
Yaqub,Geyer,ygeyer
Dougie,Ehigiator,dehigiat
James-Dean,Biastock,jbiastoc
Kal-El,Dalmau,kdalmau
Tamer,Falls,tfalls
Jensen,Aguiler,jaguiler
Marco,Barney,mbarney
Dominic,Barbour,dbarbour
Loghan,Burr,lburr
Zahir,Disanto,zdisanto
Ritchie,Agustine,ragustin
Konstantinos,Damico,kdamico
Muhsin,Brazell,mbrazell
Ashvin,Brinich,abrinich
Shynu,Hardister,shardist
Jeyshan,Biddix,jbiddix
Jasim,Buice,jbuice
Jedison,Aronica,jaronica
Ralph,Dorl,rdorl
Arunjot,Cherry,acherry
Anhad,Dyce,adyce
Khizar,Habersham,khabersh
Josh-Jaden,Arrott,jarrott
Kian-Paul,Deonarian,kdeonari
Ruaidhri,Dieball,rdieball
Zhe,Dishmon,zdishmon
Cade,Culleton,cculleto
Alfie-Lee,Dutson,adutson
Shah,Caliguire,scaligui
Jayon,Clisham,jclisham
Merlin,Bushovisky,mbushovi
Kalub,Deneen,kdeneen
Zidaan,Faure,zfaure
Finley,Crease,fcrease
Mack,Crume,mcrume
Hartley,Fluegge,hfluegge
Keighan,Ash,kash
Sheryarr,Bailie,sbailie
Dexter,Dolbeare,ddolbear
Rory-James,Corchado,rcorchad
Gael,Betak,gbetak
Kaney,Deng,kdeng
Arjun,Culcasi,aculcasi
Kayne,Bedocs,kbedocs
Codi,Dagner,cdagner
Riyad,Aluarez,raluarez
Jacob-Jay,Demallie,jdemalli
Miller,Criscillis,mcriscil
Kristians,Bines,kbines
Kaydin,Gwalthney,kgwalthn
Fechi,Cipriani,fciprian
Xiao,Bohnet,xbohnet
Nandito,Esquerra,nesquerr
Howard,Guity,hguity
Riley,Abbas,rabbas
Faizan,Gudaitis,fgudaiti
Layton-James,Erazmus,lerazmus
Valentino,Boggio,vboggio
Jokubas,Catholic,jcatholi
Henrik,Goehner,hgoehner
Mateus,Halaliky,mhalalik
Kobin,Gampp,kgampp
Iretemi,Arlt,iarlt
Zayaan,Chapelle,zchapell
Reegan,Barrier,rbarrier
Rohun,Corbi,rcorbi
Rhuaridh,Goatley,rgoatley
Chen,Grishaber,cgrishab
Shea,Bosh,sbosh
Eliott,Eichholz,eeichhol
Gethin,Baruffi,gbaruffi
Finn,Capiga,fcapiga
Dezmond,Eggink,deggink
Las,Beede,lbeede
Malek,Burts,mburts
Maloney,Deruyter,mderuyte
Rory-Michael,Hansbury,rhansbur
Aduragbemi,Dasher,adasher
Sean,Bonano,sbonano
Rhoridh,Forbs,rforbs
Otto,Finely,ofinely
Kunal,Astle,kastle
Igor,Borger,iborger
Cosmo,Alberthal,calberth
Filippo,Brzezicki,fbrzezic
Daylon,Antonucci,dantonuc
Muhammad-Uzair,Espino,mespino
Seanpaul,Baynard,sbaynard
Jaxen,Clingenpeel,jclingen
Marko,Brawley,mbrawley
J,Armes,jarmes
Titus,Fantin,tfantin
Colin,Gitting,cgitting
Alfie,Cantua,acantua
Brolin,Bensinger,bbensing
Dudek,Appana,dappana
Odira,Gauci,ogauci
Howard,Arimoto,harimoto
Ryan-Martin,Faden,rfaden
Lucjan,Collaer,lcollaer
Yuhan,Harvilicz,yharvili
Elson,Cifaldi,ecifaldi
Paramveer,Gaviria,pgaviria
Aybel,Frati,afrati
Santosh,Corippo,scorippo
Alfred-James,Grauberger,agrauber
Tarek,Darakjian,tdarakji
Jakyb,Gaglione,jgaglion
Oliver-John,Connerly,oconnerl
Haedyn,Beckey,hbeckey
Jakob,Donaghe,jdonaghe
Olivier,Adrovel,oadrovel
Kordell,Assum,kassum
Aamir,Darner,adarner
Mate,Altamiruno,maltamir
Inigo,Bezner,ibezner
Umair,Breitbach,ubreitba
Vinny,Canavan,vcanavan
Otite,Hammerstone,ohammers
Morris,Fixico,mfixico
Kyle,Bolivar,kbolivar
Landon,Atamian,latamian
Chimzara,Brooking,cbrookin
Abel,Bazin,abazin
Fareed,Ciotti,fciotti
Amar,Gravenstein,agravens
Ekampreet,Eichelberger,eeichelb
Kelso,Galuski,kgaluski
Frederic,Bechtol,fbechtol
Fletcher,Barlow,fbarlow
Mohamed,Drabicki,mdrabick
Gordon,Donmore,gdonmore
Robinson,Hannes,rhannes
Deivids,Degroot,ddegroot
Roland,Dicorcia,rdicorci
Kinnon,Dulan,kdulan
Dan,Bowne,dbowne
Safwaan,Bagby,sbagby
Woodrow,Bohmann,wbohmann
Jerzy,Galarza,jgalarza
Luc,Cutrer,lcutrer
Arlen,Finnley,afinnley
Scot,Beighley,sbeighle
Conall,Aeillo,caeillo
Jaagup,Clemo,jclemo
Ronny,Dansbury,rdansbur
Karson,Cronk,kcronk
Tyler-Jay,Czach,tczach
Lonnie,Gardunio,lgarduni
Jedidiah,Gajica,jgajica
Lucian,Burress,lburress
Azfar,Benezra,abenezra
Paschar,Constant,pconstan
Chace,Dagesse,cdagesse
Dylann,Brund,dbrund
Andrew-James,Beltran,abeltran
Slade,Falbo,sfalbo
Anders,Algier,aalgier
Tonna,Boesen,tboesen
Coran,Bergfield,cbergfie
Farai,Brwon,fbrwon
Geordan,Cittadini,gcittadi
Anakin,Goodknight,agoodkni
Roy,Alepin,ralepin
Tarran,Diltz,tdiltz
Ahmed-Farhan,Brevitz,abrevitz
Reilly,Donges,rdonges
Conlan,Dowell,cdowell
Camdyn,Benzing,cbenzing
Axyl,Earehart,aearehar
Quinton,Hancox,qhancox
Ezra,Arango,earango
Veer,Duntz,vduntz
Tajus,Bodenschatz,tbodensc
Ianto,Clear,iclear
Hussain,Allsop,hallsop
Osama,Goyco,ogoyco
Teodor,Cambre,tcambre
Laird,Dequattro,ldequatt
Ionut,Ellwood,iellwood
Maksymilian,Giorgi,mgiorgi
Landyn,Hadson,lhadson
Arne,Greenlow,agreenlo
Raaghav,Blea,rblea
Japjot,Clifton,jclifton
Frazer,Bornman,fbornman
Oluwadamilare,Blank,oblank
Ehsan,Bruney,ebruney
Pavlos,Blatter,pblatter
Malik,Gomm,mgomm
Athan,Beakley,abeakley
Jai-Teigh,Bugarin,jbugarin
Reggie-Ray,Geel,rgeel
Maureece,Garrean,mgarrean
Ka,Empey,kempey
Barry,Feyh,bfeyh
Oban,Cauchon,ocauchon
Anthony-John,Chen,achen
Marcell,Colmenero,mcolmene
Paul-James,Cabanela,pcabanel
Ker,Densieski,kdensies
Dhruv,Brandewie,dbrandew
Karter,Catmull,kcatmull
Travis,Gilyard,tgilyard
Hadeed,Betthauser,hbetthau
Padraig,Bayers,pbayers
Starley,Baj,sbaj
Blaze,Dubow,bdubow
Jad,Gosnell,jgosnell
Judi,Emmrich,jemmrich
Diarmid,Deida,ddeida
Ash,Bendickson,abendick
Rheece,Hanken,rhanken
Liban,Burnias,lburnias
Harris,Distefano,hdistefa
Sunni,Haris,sharis
Andrey,Brighenti,abrighen
Zilong,Cante,zcante
Cooper-Jae,Friend,cfriend
Dodou,Grueninger,dgruenin
Onnie,Ettl,oettl
Toren,Campanelli,tcampane
Zuhair,Cowdery,zcowdery
Kyron,Golson,kgolson
Fintan,Cephas,fcephas
Caspian,Cecilia,ccecilia
Mikolaj,Carmickel,mcarmick
Callum,Capaldi,ccapaldi
Kodi,Bastilla,kbastill
Martiya,Descamps,mdescamp
Graeme,Curvin,gcurvin
Bennie,Greuel,bgreuel
Dara,Cropley,dcropley
Adriaan,Grannum,agrannum
Yahya,Alzugaray,yalzugar
Graham,Carron,gcarron
Lionel,Alsheimer,lalsheim
Jaylin,Dembosky,jdembosk
Colten,Curlin,ccurlin
Regie,Bachmeyer,rbachmey
Elijah,Cardosi,ecardosi
Tony-Lee,Costen,tcosten
Walker,Flamio,wflamio
Damion,Browman,dbrowman
Krish,Brauer,kbrauer
Cailean,Crutch,ccrutch
Norman,Conkling,nconklin
Freddy,Brankovich,fbrankov
Elyan,Berto,eberto
Murdo,Carneal,mcarneal
Karolis,Asam,kasam
Davidjunior,Effner,deffner
Keith,Dukeshier,kdukeshi
Xincan,Canelo,xcanelo
Sonni,Alesi,salesi
Artin,Braham,abraham
Dillan,Firman,dfirman
Ronan,Cremeans,rcremean
Alvy,Bridwell,abridwel
Zion-Benjamin,Covitz,zcovitz
Kyeler,Burkett,kburkett
Adith,Duron,aduron
Hooman,Bevill,hbevill
Theodore,Feindt,tfeindt
Mitch,Findlay,mfindlay
Mohid,Font,mfont
Innis,Golk,igolk
Maddox,Gniewek,mgniewek
Kaylum,Baunleuang,kbaunleu
Magnus,Fehribach,mfehriba
Yiyang,Ghane,yghane
Roddy,Bartimus,rbartimu
Macenzie,College,mcollege
Adeel,Durnan,adurnan
Rhett,Eyer,reyer
Varun,Cottew,vcottew
Iosif,Delsol,idelsol
Blair,Bantay,bbantay
Janis,Buhl,jbuhl
Jonny,Almazan,jalmazan
Bastian,Cazarez,bcazarez
Bradan,Debord,bdebord
Neitan,Detraglia,ndetragl
Grayson-Greig,Gugliuzza,ggugliuz
Arthur-William,Fransisco,afransis
Modou,Desonia,mdesonia
Cai,Batters,cbatters
Ryley,Bonventre,rbonvent
Enoch,Goleman,egoleman
Lathan,Burkly,lburkly
Timofei,Gerrard,tgerrard
Damion,Degeyter,ddegeyte
Nico-Alexander,Conely,nconely
Nathaniall,Butman,nbutman
Olly-Jude,Ayhens,oayhens
Maximillian,Cun,mcun
Harley-Oscar,Fusco,hfusco
Jaxxon,Buitron,jbuitron
Aronas,Goodpastor,agoodpas
Brais,Debreto,bdebreto
Ollie-James,Hamilton,ohamilto
Anthony,Boness,aboness
Abdulmohsen,Fortuna,afortuna
Josef,Demoney,jdemoney
Mackie,Alspach,malspach
Domhnall,Brumfield,dbrumfie
Aris,Franke,afranke
Levii,Birk,lbirk
Noa,Esten,nesten
Benji,Goodwyn,bgoodwyn
Amarren,Dauzart,adauzart
Odin,Giusto,ogiusto
Stevie-Roy,Dillenbeck,sdillenb
Roland,Badertscher,rbaderts
Rylee,Carstarphen,rcarstar
Zeth,Faulkner,zfaulkne
Omotayo,Blanscet,oblansce
Ibrahim,Borich,iborich
Murdo,Agamao,magamao
Caedyn,Brodhurst,cbrodhur
Teddie,Forkey,tforkey
Imaad,Arkontaky,iarkonta
Octavian,Conlisk,oconlisk
Hayden,Baranovic,hbaranov
Bobby-Joe,Andrick,bandrick
Griffith,Guiden,gguiden
Benson,Dravland,bdravlan
Mamadou,Erschen,merschen
Kashi,Gallivan,kgalliva
Yiming,Courtois,ycourtoi
Ollie,Gibbard,ogibbard
Monish,Halliwell,mhalliwe
Khobi,Denzel,kdenzel
Alvin,Castillion,acastill
Ari,Benage,abenage
Sufyan,Gerdis,sgerdis
Seyansh,Hardage,shardage
Nathan,Bandel,nbandel
Benaiah-Prince,East,beast
Kai,Giddings,kgidding
Wu,Balliett,wballiet
Landon,Colamarino,lcolamar
Bran,Griess,bgriess
Zuhair,Dupriest,zdupries
Desmond,Aono,daono
Malachi,Gliwski,mgliwski
Kyro,Astrup,kastrup
Uzair,Bashara,ubashara
Diaco,Egler,degler
Scott,Dobrasz,sdobrasz
Ilkka,Elliot,ielliot
Lennyn,Birdsey,lbirdsey
Cal,Godbolt,cgodbolt
Griffith,Clair,gclair
Olamide,Duncil,oduncil
Muir,Bustos,mbustos
Camilo,Dechart,cdechart
Suleyman,Dilling,sdilling
Is-Haaq,Bhaskar,ibhaskar
Nicol,Akright,nakright
Judah,Bumatay,jbumatay
Rokas,Gelfand,rgelfand
Cieran,Bergamo,cbergamo
Harrison-James,Fuson,hfuson
Kailen,Gotch,kgotch
Kerr,Felsenthal,kfelsent
Alexey,Daugherty,adaugher
Faizaan,Florestal,fflorest
Abdelkrim,Granath,agranath
Cowan,Groh,cgroh
Niven,Gower,ngower
Silas,Corpeno,scorpeno
Giles,Clabaugh,gclabaug
Cameron,Ditter,cditter
Dillan,Boxer,dboxer
Theophilus,Camel,tcamel
Michal,Addo,maddo
Haaris,Gort,hgort
Abyan,Durk,adurk
Daberechi,Grondin,dgrondin
Conor,Fedezko,cfedezko
Aadil,Brenaman,abrenama
Rutuparn,Dieguez,rdieguez
Matus,Bitar,mbitar
Olgierd,Byerley,obyerley
Tien,Fanoele,tfanoele
Carter,Bong,cbong
Lochie,Fetz,lfetz
Leito,Erbstein,lerbstei
Osayiuwawemwen,Hammerle,ohammerl
Al-Amin,Belloma,abelloma
Marcas,Dumire,mdumire
Ebrahim,Floore,efloore
Alam,Chautin,achautin
Rhuraidh,Dibona,rdibona
Olivier,Borkholder,oborkhol
Kieron,Ackley,kackley
Loui,Cash,lcash
Oluwasetemi,Etling,oetling
Amanjeet,Amor,aamor
Abdel,Darrington,adarring
Dzeisonas,Cicalese,dcicales
Kirill,Billinsley,kbillins
Riley-William,Dichiara,rdichiar
David-Nelson,Grosso,dgrosso
Derrin,Growden,dgrowden
Mehtab,Bitton,mbitton
Ervin,Eiland,eeiland
Timas,Camillo,tcamillo
Xavier,Bario,xbario
Thom,Drumbore,tdrumbor
Loghain,Attridge,lattridg
Battal,Easdon,beasdon
Lleyton,Akkerman,lakkerma
Arsens,Dzurnak,adzurnak
Eithan,Curreri,ecurreri
Lauchlan,Critton,lcritton
Aslan,Dubiansky,adubians
Mahmood,Derrickson,mderrick
Rune,Gemaehlich,rgemaehl
Victory,Cottone,vcottone
Reo,Gehl,rgehl
Grant,Cruise,gcruise
Sobaan,Corradini,scorradi
Mikhael,Gove,mgove
Miloh,Commings,mcomming
Michael-John,Bivings,mbivings
Douglas,Cardimino,dcardimi
Leocartel,Athy,lathy
Neiko,Avita,navita
Thomas-Jack,Fann,tfann
Barry,Bartoszek,bbartosz
Olsen,Devel,odevel
Ivo,Fly,ifly
Tobiasz,Harren,tharren
Jiaqi,Gurske,jgurske
Jeremiasz,Embery,jembery
Guy,Dool,gdool
Christiaan,Eckmann,ceckmann
Kain,Baumgarter,kbaumgar
Idrees,Ellingburg,iellingb
Broadi,Brocklebank,bbrockle
Fionnlagh,Bual,fbual
Jaye,Emard,jemard
Maksym,Garlock,mgarlock
Cadyn-Lee,Aney,caney
Hamdan,Bettley,hbettley
Geoffrey,Beteta,gbeteta
Arya,Greenwell,agreenwe
Andreas,Beachem,abeachem
Vincent,Acree,vacree
Aarush,Darou,adarou
Daro,Grosman,dgrosman
Husain,Bex,hbex
Manpreet,Collova,mcollova
Frederic,Cislo,fcislo
Uilleam,Dingman,udingman
Tayleur,Camara,tcamara
Radovan,Bable,rbable
Vismay,Hartlage,vhartlag
Kj,Gammel,kgammel
Emmett,Catani,ecatani
Matei,Bissette,mbissett
Anis,Amsdell,aamsdell
Byron,Castoral,bcastora
Denzel,Goree,dgoree
J,Buettner,jbuettne
Wisam,Gettel,wgettel
Fox,Baucher,fbaucher
Derin,Frohlich,dfrohlic
Caiden-John,Angeles,cangeles
Cem,Gripp,cgripp
Gautam,Delfi,gdelfi
Bowie,Goolman,bgoolman
Lennox,Boreen,lboreen
Ahyan,Goodheart,agoodhea
Tyreece,Campise,tcampise
Hendrik,Ellcessor,hellcess
Kdus,Gyllensten,kgyllens
Krystian,Figarsky,kfigarsk
Brando,Ebberts,bebberts
Folarin,Delcueto,fdelcuet
Hollis,Budreau,hbudreau
Josiah,Basten,jbasten
Valentin,Harteau,vharteau
Kalvyn,Almeter,kalmeter
Ayaz,Beneduce,abeneduc
Darius,Beaufort,dbeaufor
Drew,Girton,dgirton
Ridam,Hannafin,rhannafi
Mozes,Esper,mesper
Markuss,Colony,mcolony
Ty,Castelluccio,tcastell
Raimi,Cooksey,rcooksey
Kyron,Fincel,kfincel
Keanu,Cockerill,kcockeri
Jadon,Beckstrand,jbeckstr
Carson-Ray,Echeverri,cechever
Raghnall,Handin,rhandin
Ajay,Domer,adomer
Ebraheem,Ciccolini,eciccoli
Owen,Fechner,ofechner
Aiden-Jay,Breyer,abreyer
Innes,Cratic,icratic
James,Bolejack,jbolejac
Manav,Hainsey,mhainsey
Zac,Feder,zfeder
Ivor,Glueck,iglueck
Theodor,Chand,tchand
Ibrahim,Carico,icarico
John-Paul,Demirjian,jdemirji
Owijen,Byther,obyther
Albert,Carreira,acarreir
Zephan,Giacoletti,zgiacole
David,Giboney,dgiboney
Bryden,Debutiaco,bdebutia
Daijon,Brow,dbrow
Orson,Fontillas,ofontill
Osaze,Blasengame,oblaseng
Caie,Benusa,cbenusa
Chibuike,Berenschot,cberensc
Damir,Anthon,danthon
Gabor,Ekstrum,gekstrum
Mohamed,Caryk,mcaryk
Monroe,Garzon,mgarzon
Bigyan,Grey,bgrey
Jack,Cantin,jcantin
Kier,Driggins,kdriggin
Oakley-James,Hambric,ohambric
Komeno,Bilotta,kbilotta
Edmund,Dekok,edekok
Haydn,Akau,hakau
Akaneden,Datt,adatt
Cadeon,Chino,cchino
Owen,Bolt,obolt
Eonas,Delapenha,edelapen
Ismaeel,Cathcart,icathcar
Ayden,Boone,aboone
Aj,Czernik,aczernik
Gianluca,Delguidice,gdelguid
Alexzander,Bradtke,abradtke
Blayn,Bennerman,bbennerm
Elliot,Gier,egier
Ibraheem,Culverson,iculvers
Guthrie,Furnish,gfurnish
Kaelin,Gutjahr,kgutjahr
Griffin,Flower,gflower
Floyd,Besser,fbesser
Olaoluwa,Devasier,odevasie
Vijay,Bogle,vbogle
Praise,Drone,pdrone
Giedrius,Bethey,gbethey
Henrik,Cushard,hcushard
Aryaman,Briney,abriney
Damon,Carreras,dcarrera
Ivor,Dufort,idufort
Juan,Demorrett,jdemorre
Hazem,Bevans,hbevans
Paddy,Gone,pgone
Lochlyn,Gomaz,lgomaz
Ossian,Bova,obova
Amaar,Cheatwood,acheatwo
Tapuwa,Harleman,tharlema
Jaysen,Almand,jalmand
Rameez,Cacy,rcacy
Nyameye,Estill,nestill
Arash,Goodman,agoodman
Bohao,Bennick,bbennick
Atholl,Andebe,aandebe
Hukam,Claypole,hclaypol
Yacine,Grajeda,ygrajeda
Easton,Beaver,ebeaver
Basil,Benincase,bbeninca
Kaidynn,Encarnacion,kencarna
Linus,Damphousse,ldamphou
Calvie,Chisari,cchisari
Leo-Xavier,Garbacz,lgarbacz
Tanav,Corvan,tcorvan
Izaac,Elreda,ielreda
Keenan,Gotlib,kgotlib
Peter,Cranshaw,pcransha
Advith,Foth,afoth
Eany,Berrospe,eberrosp
Taio,Alvero,talvero
Dario,Filippini,dfilippi
Kaylib,Gwirtz,kgwirtz
Kacper,Doerfler,kdoerfle
Clyde,Bowley,cbowley
Yahia,Drummonds,ydrummon
Stefans,Correo,scorreo
Kennzie,Bilger,kbilger
Danil,Flitton,dflitton
Markus,Barsh,mbarsh
Barclay,Dacus,bdacus
Tait,Dunovant,tdunovan
Arlie,Dawsey,adawsey
Don,Apodoca,dapodoca
Nikola,Butts,nbutts
Grayson,Carmel,gcarmel
Aeron,Alff,aalff
Arjen,Dyser,adyser
Gianluca,Basset,gbasset
Ties,Baldassano,tbaldass
Pierre,Cabeza,pcabeza
Decalle,Bruchey,dbruchey
Zain,Ferencz,zferencz
Drurie,Frusciante,dfruscia
Usef,Gerty,ugerty
Nsikakinamabasi,Axelson,naxelson
Giric,Delilli,gdelilli
Liam-John,Derider,lderider
Dmitrij,Deiss,ddeiss
Michal,Ferris,mferris
Efosa,Ehrmann,eehrmann
Robbin,Dickey,rdickey
Christos,Berey,cberey
Martius,Bispham,mbispham
Jason,Crawmer,jcrawmer
Rocko,Chamberlin,rchamber
Aitor,Dusenbury,adusenbu
Preston,Cristiano,pcristia
Khawaja,Gamberini,kgamberi
Su'dd,Corridoni,scorrido
Murray,Feazelle,mfeazell
Buddy,Benthall,bbenthal
Keaton,Cuddy,kcuddy
Bradan,Gries,bgries
Yosef,Bekker,ybekker
Alben,Foutch,afoutch
Olatunbosun,Hames,ohames
Kingson,Coffen,kcoffen
Dexter,Boning,dboning
Samir,Fagg,sfagg
Pasha,Eustice,peustice
Kaydien,Bur,kbur
Donnie,Drenner,ddrenner
Mevon,Esenwein,mesenwei
Mark-Anthony,Desantis,mdesanti
Jowaine,Arseneau,jarsenea
Primo,Cabler,pcabler
Kyan,Drinkwine,kdrinkwi
Sarya,Gennusa,sgennusa
Yuvraj,Duplanti,yduplant
Kien,Billing,kbilling
Xavier-John,Counihan,xcouniha
Garry,Golick,ggolick
Eamon,Cassase,ecassase
Thom,Grafenstein,tgrafens
Lucas-Jack,Garey,lgarey
Dwij,Dejes,ddejes
Abbad,Amas,aamas
Anxo,Franck,afranck
Rodric,Dickmann,rdickman
Ralphie,Dungy,rdungy
Jade,Clery,jclery
Darian,Fritch,dfritch
Javier,Biccum,jbiccum
Macauly,Burrows,mburrows
Louie,Bonow,lbonow
Codi,Branan,cbranan
Meston,Desir,mdesir
Roderick,Alaibilla,ralaibil
Zaidan,Hasbrouck,zhasbrou
Sanav,Flaharty,sflahart
Melvyn,Come,mcome
Joshua-Jared,Galetta,jgaletta
Rosco,Caissie,rcaissie
Eachann,Albin,ealbin
Arvin,Eader,aeader
Quinnten,Evenson,qevenson
Kahle,Gallaher,kgallahe
Donagh,Bernstrom,dbernstr
Harley-Jay,Buckwalter,hbuckwal
Geoffrey,Buchannan,gbuchann
Kaelyn,Artibee,kartibee
Kaiden,Bannowsky,kbannows
Jaeyoun,Armitage,jarmitag
Loukas,Deroche,lderoche
Aloni,Duval,aduval
Bernardo,Fredline,bfredlin
Rares,Handwerk,rhandwer
Egor,Delabarre,edelabar
Tobey,Boerner,tboerner
Kenrik,Galvin,kgalvin
Alfi,Belmarez,abelmare
Jamie,Feagans,jfeagans
Dimosthenis,Brumback,dbrumbac
Cobyn,Fling,cfling
Fergus,Gilboy,fgilboy
Dhruven,Froncek,dfroncek
Aidan,Crance,acrance
Khai,Bedsole,kbedsole
Ritvik,Copstead,rcopstea
Heston,Deloney,hdeloney
Deni,Bern,dbern
Param,Hamon,phamon
Rohaan,Hannold,rhannold
Vasil,Dinkin,vdinkin
Abdur-Rafeh,Belk,abelk
Tapiwa,Bodnar,tbodnar
Gustavo,Clapham,gclapham
Arthur-Jack,Bendas,abendas
Tiayn,Harpine,tharpine
Cheuk,Decuir,cdecuir
Brynn,Eberle,beberle
Agam,Durso,adurso
Sacha,Calciano,scalcian
Kerr,Barentine,kbarenti
Keeghan,Burcham,kburcham
Ammar,Czupryna,aczupryn
Antonin,Bembi,abembi
Ike,Fluitt,ifluitt
Zacharia,Harwick,zharwick
Utibe,Dinicola,udinicol
Haydn,Gosch,hgosch
Maddox,Chadwell,mchadwel
Ksawery,Haddow,khaddow
Sauyer,Fahl,sfahl
Declan,Abedi,dabedi
Dre,Brando,dbrando
Rome,Dunks,rdunks
Myles,Gilfoy,mgilfoy
Danyaal,Brownlee,dbrownle
Percival,Cabble,pcabble
Damir,Frisby,dfrisby
Filippo,Eisentrout,feisentr
Tay,Harlowe,tharlowe
Corryvreckan,Edgman,cedgman
Xi,Faruolo,xfaruolo
Ubhang,Farkas,ufarkas
Shon,Bobrowski,sbobrows
Kristians,Cohrs,kcohrs
Ivo,Clementi,iclement
Llewellyn,Hagey,lhagey
Balazs,Finucan,bfinucan
Connhal,Edgerly,cedgerly
Ion,Bueno,ibueno
Miller,Domingez,mdominge
Ayaan,Fellenz,afellenz
Buster,Broderick,bbroderi
Callan,Craiger,ccraiger
Billy,Dolinar,bdolinar
Reyansh,Dunker,rdunker
Carlos,Chittum,cchittum
Abel,Gioe,agioe
Danyl,Affronti,daffront
Ilya,Gach,igach
Brannon,Bramall,bbramall
Amear,Gravito,agravito
Shayan,Alvarran,salvarra
Harrison-Russell,Delmonte,hdelmont
Vikrant,Hartill,vhartill
Waleed,Dinunzio,wdinunzi
Teejai,Camba,tcamba
Saavan,Hapke,shapke
Akims,Fournet,afournet
Falk,Delauter,fdelaute
Harith,Delman,hdelman
Deaglan,Grothe,dgrothe
Kooper,Cogill,kcogill
Yasseen,Coursey,ycoursey
Derrin-Lee,Churan,dchuran
Adon,Dsaachs,adsaachs
Philip,Agne,pagne
Kameron,Duitscher,kduitsch
Korede,Gandy,kgandy
Fletcher,Crimes,fcrimes
Fred,Filler,ffiller
Cobin,Friedel,cfriedel
Yadin,Ballmer,yballmer
Charles,Gillard,cgillard
Bowie,Freelon,bfreelon
Samuil,Harbaugh,sharbaug
Evan,Abdulla,eabdulla
Cabhan,Decant,cdecant
Laylen,Gantzler,lgantzle
Rhiley,Blinebry,rblinebr
Lollan,Ericson,lericson
Jordyn,Bulosan,jbulosan
Gus,Dalby,gdalby
Connell,Agresto,cagresto
Kaysen,Denlinger,kdenling
Chrisvin,Economides,ceconomi
Albany,Dusza,adusza
Muhammad-Ruhaan,Hallquist,mhallqui
Colby,Girling,cgirling
Leelan,Gappa,lgappa
Muzmmal,Halmes,mhalmes
Ezra,Crossman,ecrossma
Eoghan,Fergerstrom,efergers
Yahya,Crunkleton,ycrunkle
Bogdan,Grief,bgrief
Adrian,Crespi,acrespi
Shashank,Digioia,sdigioia
Daegan,Frings,dfrings
Cadan,Dubuc,cdubuc
Aydan,Chevere,achevere
Oscar,Bankson,obankson
Lyle,Fedorka,lfedorka
Osarhenoma,Byrnes,obyrnes
Paulius,Danker,pdanker
Kye,Goertzen,kgoertze
Wayne,Bohanon,wbohanon
Mishaal,Haller,mhaller
Nur,Blanchet,nblanche
Sum,Calnick,scalnick
Tomasz,Cuomo,tcuomo
Brad,Aliotta,baliotta
Manroop,Desalvo,mdesalvo
Terje,Harnden,tharnden
Rylan-John,Calaycay,rcalayca
Oshian,Conroy,oconroy
Charis,Angolo,cangolo
Braigh,Frees,bfrees
Ammar,Amorosi,aamorosi
Nataniel,Begay,nbegay
Stephen,Gillie,sgillie
Deivids,Chugg,dchugg
Markus,Crouchet,mcrouche
Alessandro,Dubach,adubach
Devlin,Carpinteyro,dcarpint
Devids,Froman,dfroman
Domas,Ciampa,dciampa
Edison,Gores,egores
Josiah,Casseus,jcasseus
Jahvon,Gagel,jgagel
Wojciech,Agonoy,wagonoy
Che,Chochrek,cchochre
Kazuya,Burback,kburback
Kaii,Artley,kartley
Nazar,Butta,nbutta
Daryan,Grosshans,dgrossha
Damon,Fess,dfess
Serge,Bob,sbob
Tsu,Costlow,tcostlow
Kylam,Epp,kepp
Cezary,Dreessen,cdreesse
Tyus,Bogatitus,tbogatit
Warren,Glaspy,wglaspy
Connel,Ceglinski,cceglins
Bertram,Andrepont,bandrepo
Mccaullie,Ausherman,mausherm
Benedict,Crowthers,bcrowthe
Kajetan,Foersterling,kfoerste
Mckenzie,Dougherty,mdougher
Ernests,Cimorelli,ecimorel
Gregory,Brannock,gbrannoc
Jamison,Gahl,jgahl
Madden,Bisbee,mbisbee
Aaran,Flatau,aflatau
Rahman,Bacarella,rbacarel
Coltyn,Grochowski,cgrochow
Kohan,Burgos,kburgos
Domas,Frosto,dfrosto
Sheikh,George,sgeorge
Ceiran,Anglebrandt,canglebr
Dalton,Berhe,dberhe
Dakshdeep,Edmonds,dedmonds
Ruari,Croan,rcroan
Murray,Bombich,mbombich
Theodore,Bora,tbora
Zhang-Francois,Balwinski,zbalwins
Nyall,Devalle,ndevalle
Aston,Dombrowski,adombrow
Alek,Dutil,adutil
Yarogniew,Cangey,ycangey
Kris,Haddad,khaddad
Caelan,Feldtman,cfeldtma
Monroe,Desouza,mdesouza
Semas,Fahrenwald,sfahrenw
Adetayo,Amelang,aamelang
Zacariah,Fatzinger,zfatzing
Sulaiman,Gonzeles,sgonzele
Tod,Farabee,tfarabee
Christos-Johannes,Grit,cgrit
Ozzy,Dundon,odundon
Sochima,Dilgard,sdilgard
Benaiah,Greth,bgreth
Kobie,Asperheim,kasperhe
Edward,Bare,ebare
Jacques,Bialecki,jbialeck
Kyden,Folks,kfolks
Ahaan,Fougere,afougere
Antoni,Barkhurst,abarkhur
Farhaan,Delbert,fdelbert
Cailin,Daft,cdaft
Emile,Centanni,ecentann
Cai,Dorosh,cdorosh
Munesuishe,Conces,mconces
Allain-Junior,Frabizzio,afrabizz
Chukwuka,Chopra,cchopra
Kajetan,Boylston,kboylsto
Eian,Bertao,ebertao
Diesel,Chyle,dchyle
Robin,Fencil,rfencil
Stevie,Daponte,sdaponte
Archi,Franculli,afrancul
Caelean,Benton,cbenton
Dougan,Cianflone,dcianflo
Donnie,Cascioli,dcasciol
Aurel,Frase,afrase
Mclaren,Desiato,mdesiato
Munib,Gaska,mgaska
Torrin,Alvino,talvino
Ashmath,Eagin,aeagin
Rudra,Badruddin,rbadrudd
Kol,Hackl,khackl
Vladislav,Farrant,vfarrant
Shriyan,Georgiana,sgeorgia
Joni,Clover,jclover
Husnain,Gaboriault,hgaboria
Anas,Dwelle,adwelle
Isaac,Bonadonna,ibonadon
Tirtha,Cossio,tcossio
Monique,Auwaerter,mauwaert
Nicolas,Barkdull,nbarkdul
Bendeguz,Chiarito,bchiarit
Gaura-Kisora,Arcuri,garcuri
Andres,Amparo,aamparo
Aadam,Bazar,abazar
Raymond,Drop,rdrop
Sameer,Bluto,sbluto
Shah,Gentry,sgentry
Rohan,Dommer,rdommer
Hussain,Branstrom,hbranstr
Vinnie,Batkin,vbatkin
Caelan-James,Ebersole,cebersol
Rico,Douin,rdouin
Keaton,Almquist,kalmquis
Mateo,Casson,mcasson
Corran,Culliton,ccullito
Anudhya,Grebin,agrebin
Daniels,Deglow,ddeglow
Sinan,Bainer,sbainer
Joe,Barbiere,jbarbier
Zayn-Alonga,Haselhuhn,zhaselhu
Marcelo,Fondaw,mfondaw
Ryden,Cordew,rcordew
Jon-James,Demmert,jdemmert
Harlyn,Guilstorf,hguilsto
Chaitanya,Bron,cbron
Leonard,Glanzman,lglanzma
Danielius,Firebaugh,dfirebau
Abhinab,Charle,acharle
Eshaan,Fujioka,efujioka
Sean-Paul,Gensler,sgensler
Moshwar,Desrevisseau,mdesrevi
Lachlan,Capponi,lcapponi
Miks,Esker,mesker
Elisei,Fuerst,efuerst
Lucjan,Aubrey,laubrey
Reyhan,Exley,rexley
Sadman,Blumenschein,sblumens
Masonthompson,Escarcega,mescarce
Somkenechukwu,Callez,scallez
Fionnlagh,Albrekht,falbrekh
Kell,Burciaga,kburciag
Mariusz,Erwin,merwin
Binar,Bro,bbro
Aidan-Joseph,Dus,adus
Kabir,Akerman,kakerman
Ksavery,Epel,kepel
Nikolay,Confer,nconfer
Myles,Booher,mbooher
Leelynd,Hafen,lhafen
Abdurrhman,Ambrosio,aambrosi
Tenzin,Boehle,tboehle
Robert-Junior,Coran,rcoran
Olly,Giliberto,ogiliber
Greyson,Arehano,garehano
Berat,Chichester,bchiches
Finnlay,Fischetti,ffischet
Kito,Hachting,khachtin
Luca-Scott,Bironas,lbironas
Antonios,Davine,adavine
Yarami,Fasciano,yfascian
Riley-Boy,Bacone,rbacone
Daryl-Junior,Ee,dee
Rejoice,Coore,rcoore
Li,Garceau,lgarceau
Amos,Gockerell,agockere
Kole,Dooner,kdooner
Eshan,Allie,eallie
Kaii,Gallati,kgallati
Brendon,Griffes,bgriffes
Darryl-James,Brownsworth,dbrownsw
Dhian,Bernd,dbernd
Gor,Claffey,gclaffey
Emeka,Delamarter,edelamar
Loukas,Erisman,lerisman
Aleksandr,Chavera,achavera
Ranay,Dezeeuw,rdezeeuw
Moanes,Autio,mautio
Vihaan,Balkus,vbalkus
Egan,Ciejka,eciejka
Moritz,Comtois,mcomtois
Charlie-Jai,Decourley,cdecourl
Aeddan,Durrance,adurranc
Marsel,Escajeda,mescajed
Tye,Grageda,tgrageda
Spencer-Brodie,Gerardot,sgerardo
Keilan-Lee,Dennington,kdenning
Milo-Nevaeh,Garstka,mgarstka
Byron,Beardon,bbeardon
Krzysztof,Alphin,kalphin
Luka-Roy,Hagwell,lhagwell
Jonas,Dallis,jdallis
Aimer,Granzin,agranzin
Airell,Breznak,abreznak
Darran,Berkhimer,dberkhim
Cal,Barrom,cbarrom
Ludwik,Erlebach,lerlebac
Samuele,Genis,sgenis
Umair,Dardis,udardis
A,Bradford,abradfor
Owen,Bankemper,obankemp
Fiorenzo,Eismann,feismann
Keldan,Haag,khaag
Eoghan,Botwinick,ebotwini
Mylo,Dopazo,mdopazo
Ike,Gulino,igulino
Israel,Dalhart,idalhart
Tarun,Bodwell,tbodwell
Kit,Dame,kdame
Yagiz,Hartsell,yhartsel
Paulius,Hample,phample
Nikolay,Haman,nhaman
Kailan,Caruso,kcaruso
Max,Boley,mboley
Jye,Galindo,jgalindo
Shaun-Patrick,Breehl,sbreehl
Hamzah,Guillama,hguillam
Celestine,Decorte,cdecorte
Kobhen,Hackenbery,khackenb
Artur,Castlen,acastlen
Ridley,Danniels,rdanniel
Cale,Chiquito,cchiquit
Aidyn-Joseph,Bellingham,abelling
Ayotunde,Gremmels,agremmel
Denbhi,Eger,deger
Knox,Bauswell,kbauswel
Leighton,Bonniwell,lbonniwe
Alfie-John,Ammerman,aammerma
Kenzo,Haataja,khaataja
Zackary,Goodale,zgoodale
Frederik,Delehoy,fdelehoy
Jayden-Thomas,Clinkscale,jclinksc
Rhuriadh,Coplan,rcoplan
Harlem,Elion,helion
Orrie,Azatyan,oazatyan
Arfan,Dyment,adyment
Roy,Bloomingdale,rbloomin
Thai,Balckwell,tbalckwe
Rafael,Gonneville,rgonnevi
Lyal,Burris,lburris
Rachit,Geagan,rgeagan
Rupert,Calais,rcalais
Tianyi,Boelke,tboelke
Derryn-Lee,Bruer,dbruer
Gareth,Bourgoyne,gbourgoy
Chiwetel,Anidi,canidi
Tiago,Dunsmore,tdunsmor
Tiago,Beitler,tbeitler
Jamal,Downy,jdowny
Oliwier,Dorvillier,odorvill
Nikolai,Detty,ndetty
John-Rhys,Emig,jemig
Dawud,Chubbs,dchubbs
Clarke,Grix,cgrix
Paul,Aboud,paboud
Kelian,Cockreham,kcockreh
Khail,Dentino,kdentino
Aedan,Drakes,adrakes
Denver,Chumley,dchumley
Ryan-Noah,Baenziger,rbaenzig
Tymek,Balestrieri,tbalestr
Wesley,Getchius,wgetchiu
Aram,Dabdoub,adabdoub
Aiddan,Chatham,achatham
Deniz,Battistoni,dbattist
Muhammad-Aariz,Gascon,mgascon
Gabriele,Citino,gcitino
Leonid,Burmeister,lburmeis
Mustafa,Baxtor,mbaxtor
Ronald,Drago,rdrago
Ross,Bolyard,rbolyard
Nelson,Cutt,ncutt
Agniprava,Bellflowers,abellflo
Alek,Bellrichard,abellric
Danny,Barberi,dbarberi
Jonas,Bartman,jbartman
Jacobi,Buffo,jbuffo
Ayoub,Benes,abenes
Franco-Vaughn,Guerin,fguerin
Jadon,Gaff,jgaff
Jakub,Abramowitz,jabramow
Fintan,Arcea,farcea
Wilson,Casis,wcasis
Silvijn,Callen,scallen
Jj,Bullaro,jbullaro
Tyrone,Cotler,tcotler
Daud,Chrysler,dchrysle
Samual,Coriano,scoriano
Dylynn,Grundmann,dgrundma
Samuels,Dierolf,sdierolf
Karem,Guzalak,kguzalak
Suwary,Calta,scalta
Yousef,Gloeckner,ygloeckn
Brody,Fegan,bfegan
Aleister,Amis,aamis
Rhian,Diberardino,rdiberar
Hussain,Fetch,hfetch
Thijs,Dimicco,tdimicco
Raees,Altomare,raltomar
Kaspian,Buonassisi,kbuonass
Wali,Coulas,wcoulas
Jidenna,Gosserand,jgossera
Nick,Dettloff,ndettlof
Titus,Forman,tforman
Fraser,Gieck,fgieck
Saiyf,Corella,scorella
Caoimhin,Broglie,cbroglie
Robby,Fabian,rfabian
Rex,Gladfelter,rgladfel
Coby,Dottery,cdottery
Conon,Allday,callday
Lazare,Derderian,lderderi
Archer,Cavins,acavins
Reimer,Bachtold,rbachtol
Khyran,Gambrel,kgambrel
Oluwatobi,Daniello,odaniell
Marley,Crocket,mcrocket
Morten,Auzston,mauzston
Coletyn,Edelmann,cedelman
Kyriakos,Binker,kbinker
Chinmay,Cholula,ccholula
Gerry,Elcock,gelcock
Kaii,Denafo,kdenafo
Lachie,Gotwalt,lgotwalt
Timmy,Harradon,tharrado
Jett,Fetter,jfetter
Daivik,Antczak,dantczak
Arnav,Dovalina,adovalin
Taylor,Abell,tabell
Craig-James,Brough,cbrough
Yacer,Coupe,ycoupe
Moray,Boutwell,mboutwel
Zeb,Canonico,zcanonic
Thibaut,Geroge,tgeroge
Jordi,Cumberledge,jcumberl
Bolan,Debo,bdebo
Giacomo,Buchert,gbuchert
Tayo,Fam,tfam
Sing,Gerache,sgerache
Taine,Bakley,tbakley
Kiash,Haboush,khaboush
Callum-Shaun,Ebrahim,cebrahim
Barry-Lee,Britnell,bbritnel
Tj,Cypress,tcypress
Oluwatobiloba,Breach,obreach
Riccardo,Block,rblock
Taksh,Calvey,tcalvey
Todd,Baysinger,tbaysing
Keon,Dambach,kdambach
Levon,Colden,lcolden
Jin,Arquette,jarquett
Rhyda,Gehrke,rgehrke
Corbyn,Glassing,cglassin
Nizar,Gatlin,ngatlin
Ektor,Grybel,egrybel
Marc,Boosalis,mboosali
Peyton,Devoy,pdevoy
Edvinas,Frymire,efrymire
Samual,Bagi,sbagi
Jozef,Bedenbaugh,jbedenba
Kristofers,Burkard,kburkard
Braydan,Brockell,bbrockel
Anaye,Davel,adavel
Ado,Chaskey,achaskey
Gustavs,Elgart,gelgart
Campbell-Josh,Chisolm,cchisolm
Halliday,Furstenberg,hfursten
Patryk,Glaser,pglaser
Rhuaridh,Baseley,rbaseley
Nevaan,Essery,nessery
Ace,Castiglia,acastigl
Zeyd,Bolden,zbolden
Kell,Cervoni,kcervoni
Jesse,Baumert,jbaumert
Fenel,Brynestad,fbrynest
Tennessee,Fan,tfan
Kurtis-Paul,Ganigan,kganigan
Istvan,Gulsvig,igulsvig
Jacob,Bollbach,jbollbac
Ryuto,Baetz,rbaetz
Cee-Jay,Bromagen,cbromage
Jackson,Baptiste,jbaptist
Nicolas,Giraud,ngiraud
Junaid,Guthridge,jguthrid
Blyth,Chila,bchila
Orvin,Gauthier,ogauthie
Asim,Bendolph,abendolp
Josef,Emmerling,jemmerli
Ridhay,Geidner,rgeidner
Cody,Giesen,cgiesen
Shiro,Hardigree,shardigr
Weilong,Hartly,whartly
Harlay,Clasen,hclasen
Rohan,Bookout,rbookout
Callan,Gilani,cgilani
Cameron,Banach,cbanach
Crawford,Goderich,cgoderic
Kenneth,Fenti,kfenti
Chidiebubu,Frezza,cfrezza
Raza,Coonley,rcoonley
Bilal,Daddio,bdaddio
Brannon,Andry,bandry
Kentley,Burdeshaw,kburdesh
Knox,Glynn,kglynn
On,Ayscue,oayscue
Cobyn,Duchane,cduchane
Ayomikun,Dubler,adubler
Finnian,Boyarski,fboyarsk
Brogan,Adderley,badderle
Jonty,Bielecki,jbieleck
Olurotimi,Etheredge,oethered
Huzaifa,Ellias,hellias
Hamad,Areola,hareola
Gurpreet,Bettencourt,gbettenc
Eden,Borrelli,eborrell
Benedetto,Debardelaben,bdebarde
Haiden,Fishback,hfishbac
Khody,Burfield,kburfiel
Jannes,Arnell,jarnell
Sulav,Brege,sbrege
Lewie,Dulmage,ldulmage
Kristopher,Cassio,kcassio
Damir,Groover,dgroover
Leask,Burle,lburle
Tj,Gohring,tgohring
Jibraeel,Cloonan,jcloonan
Chaudhary,Frewing,cfrewing
Nihal,Dangler,ndangler
Kajetan,Custard,kcustard
Aryan,Gizzi,agizzi
Hallam,Buckles,hbuckles
Rhylan,Backlund,rbacklun
Tymoteusz,Aimbez,taimbez
Awab,Goodsell,agoodsel
Findhorn,Guella,fguella
Hugo,Gilcrest,hgilcres
Oban,Goetzke,ogoetzke
Rhory,Chaloner,rchalone
Ablie,Bellace,abellace
Istafa,Delung,idelung
Baruch,Chiappone,bchiappo
Ramsay,Borseth,rborseth
Myles,Barcik,mbarcik
Reese,Cung,rcung
Ford,Dresel,fdresel
Elih,Grzesik,egrzesik
Yosof,Harvat,yharvat
Mylo,Bartoletti,mbartole
Emilis,Ajoku,eajoku
Gurnoor,Dellagatta,gdellaga
Nathanael,Dunahoe,ndunahoe
Harvi,Futrell,hfutrell
Finn,Gianopoulos,fgianopo
Franky,Bucaro,fbucaro
Kailan,Gutsche,kgutsche
Marco,Carota,mcarota
Layton-Stewart,Colasurdo,lcolasur
Daylin,Degre,ddegre
Erwin,Centorino,ecentori
Ashton,Baraw,abaraw
Austen,Fielder,afielder
Oluwatimileyin,Connon,oconnon
Ranulf,Blenner,rblenner
Harvey,Bondi,hbondi
Hugh,Giuffre,hgiuffre
Khol,Billett,kbillett
Calen,Grimaldi,cgrimald
Nicolas,Carland,ncarland
Danyal,Bartula,dbartula
Abbas,Cupps,acupps
Yousuf,Gocha,ygocha
Naoki,Halperin,nhalperi
Ryley,Donnie,rdonnie
Oluwalani,Byland,obyland
Aisosa,Chatters,achatter
Gurjivan,Clampitt,gclampit
Cuta,Broumley,cbroumle
Ayren,Briskey,abriskey
Nevin,Haltiwanger,nhaltiwa
Riley-James,Coppin,rcoppin
Hunter,Bari,hbari
Kaeson,Demsky,kdemsky
Forbes,Archangel,farchang
Nathan,Faycurry,nfaycurr
Vittorio,Ballantyne,vballant
Faisal,Beseau,fbeseau
Arnish,Dayer,adayer
Farris,Brydges,fbrydges
Hanzala,Furutani,hfurutan
Raimonds,Caceres,rcaceres
Momin,Espe,mespe
Nevin,Butteris,nbutteri
Kieron,Boyt,kboyt
Leyland,Bavelas,lbavelas
Tristian,Chanel,tchanel
Zakariyya,Flanery,zflanery
Diesel-Joe,Bernett,dbernett
Maaz,Danby,mdanby
Kyron,Chace,kchace
Doogie,Fruhling,dfruhlin
Fionan,Guenthur,fguenthu
Benjamin,Divers,bdivers
Devin,Dahlke,ddahlke
Vato,Farnese,vfarnese
Loumeo,Haggstrom,lhaggstr
Eoghan,Cuculich,ecuculic
Naif,Altic,naltic
Kaidan,Bierl,kbierl
Connell,Casavant,ccasavan
Cori-Lee,Chriss,cchriss
Marshall,Glazer,mglazer
Arn,Chern,achern
Georgios,Cerasi,gcerasi
Leo,Coxey,lcoxey
Alvar,Daurizio,adaurizi
Henryk,Beveridge,hbeverid
Wilder,Ballesteros,wballest
Usher,Balian,ubalian
Mayson,Bitter,mbitter
Jaycob,Gaines,jgaines
Lloyd,Carridine,lcarridi
Louie,Dohman,ldohman
Maki,Bischof,mbischof
Laughlan,Colapinto,lcolapin
Sven,Bakewell,sbakewel
Dre,Berret,dberret
Conal-Jack,Friedler,cfriedle
Airil,Amezquita,aamezqui
Haiden,Boye,hboye
Hussein,Goshen,hgoshen
Malachy,Figiel,mfigiel
Baron,Gresh,bgresh
Amani,Belrose,abelrose
Ray,Foraker,rforaker
Lukasz,Brautigam,lbrautig
Bradley,Bongivengo,bbongive
Dexter,Carbonaro,dcarbona
Shawen,Cornett,scornett
Kadyn,Galka,kgalka
Sayed,Bagni,sbagni
Stuart,Creggett,scregget
Matiss,Bozwell,mbozwell
Teejay,Harmison,tharmiso
Omari,Devey,odevey
Coner,Edes,cedes
Mael,Auerswald,mauerswa
Findley,Gormont,fgormont
Corbin,Duchow,cduchow
Ahmed,Dornfeld,adornfel
Khai,Golly,kgolly
Samir,Caulk,scaulk
Dougal,Dowland,ddowland
Devansh,Eggeman,deggeman
Kairyn,Gallegos,kgallego
Nadeem,Gasner,ngasner
Marius,Colombini,mcolombi
Kazimierz,Enger,kenger
Hussain,Delossanto,hdelossa
Kamron,Aldapa,kaldapa
Reilly,Crouthamel,rcroutha
Preston,Boothroyd,pboothro
Thyler,Camero,tcamero
Fhionnlaidh,Delcarlo,fdelcarl
Caydon,Berberich,cberberi
Orly,Conover,oconover
Liamthomas,Atta,latta
Ismaeel,Buerstatte,ibuersta
Aydhin,Greisser,agreisse
Nikko,Esslinger,nessling
Oliwier,Afalava,oafalava
Nayte,Essa,nessa
Lawrie,Cuthrell,lcuthrel
Alisdair,Curboy,acurboy
Jason-Junior,Demattos,jdematto
Judah,Clusky,jclusky
Emteas,Cilfone,ecilfone
Toms,Harrigan,tharriga
Orlando,Devilliers,odevilli
Kornel,Duley,kduley
Ebrima,Dekalb,edekalb
Archibald,Fennessey,afenness
Tudor,Formisano,tformisa
Alistair,Gillooly,agillool
Mohammad,Fegurgur,mfegurgu
Aarav,Alexzander,aalexzan
Moosa,Bussler,mbussler
Emon,Delangel,edelange
Mickael,Comfort,mcomfort
Kiran,Akiereisen,kakierei
Chay,Berdy,cberdy
Claude,Edde,cedde
Declan-Junior,Antu,dantu
Abdi,Brenner,abrenner
Adas,Bellantoni,abellant
Antoni,Crepeau,acrepeau
Finn,Fazio,ffazio
Oluwajomiloju,Gault,ogault
Lyncoln,Ermita,lermita
Cory,Cassandra,ccassand
Tomi,Costanza,tcostanz
Millan,Austria,maustria
Antony,Bosket,abosket
Keillan,Bilbao,kbilbao
Eliott,Allgaeuer,eallgaeu
Riylee,Blomberg,rblomber
Blaine,Ferree,bferree
Adyn,Bellerdine,abellerd
Ralphy,Bleimehl,rbleimeh
Onno,Gauntner,ogauntne
Abdalrahman,Charania,acharani
Daniel,Bambino,dbambino
Arron,Gitelman,agitelma
Duke,Grumet,dgrumet
Honey,Claybourn,hclaybou
Clyde,Fiorini,cfiorini
Raffa,Coogan,rcoogan
Ayd,Brisbon,abrisbon
David,Divel,ddivel
Raheem,Everroad,reverroa
Abdul-Hadi,Grandchild,agrandch
Arvo,Deaderick,adeaderi
Tariq,Calzado,tcalzado
Isaiah,Alce,ialce
Ciaran,Felizardo,cfelizar
Abuzahr,Grandy,agrandy
Graycen,Furkin,gfurkin
Harmanjot,Beuerle,hbeuerle
Jude,Caponera,jcaponer
Roscoe,Face,rface
Souleymane,Correau,scorreau
Ciaran,Creed,ccreed
Ander,Fleckles,afleckle
Jace-John,Gaertner,jgaertne
Domas,Goldtrap,dgoldtra
Edidiong,Applebury,eapplebu
Leyland,Dorson,ldorson
Ojas,Gaudio,ogaudio
Bryson,Freije,bfreije
Braidan,Chillo,bchillo
Ciprian,Fridge,cfridge
Dhruva,Grube,dgrube
Jayce,Cerone,jcerone
Zaviyar,Ghrist,zghrist
Shaye,Cunniff,scunniff
Daanyal,Degagne,ddegagne
Eshaan,Daigneault,edaignea
Zinedine,Bambach,zbambach
Zach,Credell,zcredell
Eymen,Eirls,eeirls
Lachlann,Hadian,lhadian
Bear,Flemons,bflemons
Justyn,Bienvenu,jbienven
Ahmet,Daskam,adaskam
Rogan,Bayliff,rbayliff
Gursahib,Buckaloo,gbuckalo
Rueben,Bredemeier,rbredeme
Dawson,Ferrett,dferrett
Borys,Cearley,bcearley
Farron,Gudinas,fgudinas
Suphi,Gerfin,sgerfin
Denzel,Curo,dcuro
Dara,Cataldi,dcataldi
Aaryan,Forte,aforte
Jodhveer,Gusciora,jguscior
Alessio,Fowlar,afowlar
Yasin,Boies,yboies
Elias-Francis,Apsey,eapsey
Elisei,Guadagno,eguadagn
Yodahe,Boisen,yboisen
Julian,Gingell,jgingell
Tyme,Dinger,tdinger
Taayhan,Calvaruso,tcalvaru
Koshan,Cohens,kcohens
Mekhai,Garrish,mgarrish
Ashvin,Grefrath,agrefrat
Ezaan,Fulford,efulford
Yousuf,Cavaluzzi,ycavaluz
Ben-Charles,Brittenham,bbritten
Justis,Arter,jarter
Alfi,Flaxman,aflaxman
Malachi,Basu,mbasu
Jaxon-James,Gunto,jgunto
Moataz,Compagna,mcompagn
Aiden,Craawford,acraawfo
Coen,Battig,cbattig
Mikhail,Dumont,mdumont
Arrauf,Franko,afranko
Adlan,Breton,abreton
Ruan,Cuartas,rcuartas
Lee,Barcellos,lbarcell
Rabi,Conyer,rconyer
Cohryn,Brosig,cbrosig
Ivan,Donelan,idonelan
Yusif,Coutch,ycoutch
Kerem,Aloi,kaloi
Noa,Brazington,nbrazing
Razwanur,Blette,rblette
Raumaan,Gebo,rgebo
Riccardo,Ezell,rezell
Balhar,Dease,bdease
Henrikas,Budin,hbudin
Salam,Geney,sgeney
Dermott,Bernard,dbernard
Ryden,Alvanez,ralvanez
Cason,Castrogiovann,ccastrog
Hanli,Arganbright,harganbr
Rakan,Everton,reverton
Jay-Lee,Arnoldi,jarnoldi
Botond,Curington,bcuringt
Ahyan,Bradly,abradly
Subhan,Bakalars,sbakalar
Barry,Cubie,bcubie
Jed,Caselli,jcaselli
Armaan,Ageboi,aageboi
Sharan,Baierl,sbaierl
Royal,Hanses,rhanses
Jace,Crichlow,jcrichlo
Deming,Brucks,dbrucks
Woody,Alexandropoul,walexand
Laughlan,Haefner,lhaefner
Yasheil,Dirago,ydirago
Liam,Aamodt,laamodt
Kinloch,Burgess,kburgess
Fei,Beshear,fbeshear
Usaid,Cotroneo,ucotrone
Ziyan,Fauske,zfauske
Jaxson,Bosa,jbosa
Jodon,Bieberle,jbieberl
Kent,Cocola,kcocola
Dante,Dreiling,ddreilin
Zeeshan,Darley,zdarley
Charley,Gora,cgora
Mikail,Alea,malea
Martin,Gilmartin,mgilmart
Alexandre,Grat,agrat
Abu,Charlson,acharlso
Orran,Euell,oeuell
Ronni,Didion,rdidion
Arinzechukwu,Beadling,abeadlin
Odhran,Castanado,ocastana
Kareem,Dalpiaz,kdalpiaz
Reilly,Carrasquillo,rcarrasq
Carter-John,Grinde,cgrinde
Chidozie,Angulo,cangulo
Sinclair,Boch,sboch
Scott,Feekes,sfeekes
Akshaj,Amigon,aamigon
Sidney,Dunnegan,sdunnega
Eoghan,Doubet,edoubet
Kai-Carson,Emslander,kemsland
Seoin,Genthner,sgenthne
Taha,Alamin,talamin
Alvin,Fradette,afradett
Alfey,Chawla,achawla
Breydon,Eben,beben
Samad,Haramoto,sharamot
Kamal,Biffar,kbiffar
Scotty,Diez,sdiez
Rafa,Cacal,rcacal
Callum-James,December,cdecembe
Filip,Abreu,fabreu
Quentin,Cuva,qcuva
R,Dewispelaere,rdewispe
Zeal,Boland,zboland
Vivaan,Grahm,vgrahm
Suhail,Boda,sboda
Aadyanth,Forshee,aforshee
Ishaan,Cleland,icleland
Jacky,Clenney,jclenney
Jorgie,Clowser,jclowser
Daren,Edster,dedster
Chongxuan,Frickel,cfrickel
Peter-Alexander,Gaydos,pgaydos
Ceejay,Chmelik,cchmelik
Obaro,Gatz,ogatz
Abid,Foscue,afoscue
Jujhar,Foderaro,jfoderar
Oscar,Abdi,oabdi
Avyukt,Chestnutt,achestnu
Eduard,Glowacky,eglowack
Arman,Frankforter,afrankfo
Wenji,Dionisio,wdionisi
Eoghainn,Beberwyk,ebeberwy
Keyan,Gamarra,kgamarra
Caius,Bartles,cbartles
Aiden,Banchero,abancher
Jason,Barban,jbarban
Codylee,Deener,cdeener
Yahia,Canevari,ycanevar
Kar,Arzo,karzo
Jaymie,Aro,jaro
Tye,Bogacki,tbogacki
Bram,Flens,bflens
Raiyaan,Deyette,rdeyette
Rajdeep,Handrick,rhandric
Ifeakanwanne,Arjona,iarjona
Swithun,Corseri,scorseri
Wyatt,Gin,wgin
Caillin,Brodnax,cbrodnax
Jake-Tyler,Demark,jdemark
Harees,Argiro,hargiro
Jai-Jay,Demarco,jdemarco
Roan,Crummie,rcrummie
Baillie,Freas,bfreas
Bryce,Bormann,bbormann
Karolos,Cobert,kcobert
Karlis,Bigelow,kbigelow
Viktor,Channer,vchanner
Feliks,Bech,fbech
Vanya,Balistreri,vbalistr
Rudy,Barnaba,rbarnaba
Mihir,Austell,maustell
Killian,Cutchall,kcutchal
Jayden-John,Gupta,jgupta
Denny,Goding,dgoding
Stellan,Forgue,sforgue
Taylor-Jon,Balasubramani,tbalasub
Alfie-Craig,Bridenstine,abridens
Fletcher,Fenk,ffenk
Connor,Gibby,cgibby
Eimad,Fuchser,efuchser
Eliot,Brandstrom,ebrandst
Anthony,Caradine,acaradin
Demid,Dudak,ddudak
Roen-James,Fabrizio,rfabrizi
Shaheed,Bobe,sbobe
Zagros,Ghere,zghere
Isaac,Dizadare,idizadar
Klay,Cofield,kcofield
Eris,Fuhrmann,efuhrman
Tudor,Fargo,tfargo
Jonas-John,Emler,jemler
Carrick,Allain,callain
Henryk,Guiterez,hguitere
Ozair,Gavett,ogavett
Marvyn,Buscher,mbuscher
Jia,Alconcel,jalconce
Emedo,Guagliardo,eguaglia
Ciro,Choudhury,cchoudhu
Yanxuan,Courie,ycourie
Dawson,Crudo,dcrudo
Hubert,Glines,hglines
Shobhit,Fairfield,sfairfie
Iain,Bargeron,ibargero
Kalel,Gutzmann,kgutzman
Chey,Broody,cbroody
Will,Carrison,wcarriso
Aleks,Boulos,aboulos
Arin,Alattar,aalattar
Mobowofoluwa,Hallie,mhallie
Laryn,Binnie,lbinnie
Cassius,Bramsen,cbramsen
Zhi,Brem,zbrem
Kainan,Bundi,kbundi
Laszlo,Derasmo,lderasmo
Myron,Esponda,mesponda
Jarrod,Elwell,jelwell
Oliver-Jude,Estwick,oestwick
Lelland,Colbert,lcolbert
Rhuaridh,Eyrich,reyrich
Stefen,Faley,sfaley
Ilyas,Duffie,iduffie
Stuart,Cardenal,scardena
Jermaine-Jacob,Clogston,jclogsto
Forbes,Fernandz,ffernand
Erlend,Bertrano,ebertran
Fiachra,Cirella,fcirella
Elias,Aguas,eaguas
Erin,Aragundi,earagund
Joash,Arrasmith,jarrasmi
Karson,Carns,kcarns
Addi,Charping,acharpin
Divine,Bernick,dbernick
Patriks,Gawlik,pgawlik
Ruaridh,Dmitriev,rdmitrie
Ecka,Fryar,efryar
Jayson,Fistler,jfistler
Jody,Demichiel,jdemichi
Konan,Entrekin,kentreki
Blaire,Deberg,bdeberg
Kason,Guzmdn,kguzmdn
Ruari,Fermin,rfermin
Danny,Abruzzino,dabruzzi
Conan,Bergerson,cbergers
Rome,Forcier,rforcier
Sufyan,Graef,sgraef
Nyall,Braband,nbraband
Maalak,Garibai,mgaribai
Stor,Falkenberg,sfalkenb
Anton,Borozny,aborozny
Duncan,Crazier,dcrazier
Rejwan,Geeslin,rgeeslin
Hadriel,Buckham,hbuckham
Findley,Besley,fbesley
Calogero,Angelos,cangelos
Taylor-Jack,Brehon,tbrehon
Jakub,Cara,jcara
Brookley,Chindlund,bchindlu
Adryell,Amenta,aamenta
John-Junior,Drewry,jdrewry
Xzander,Dipinto,xdipinto
Kazi,Gallwas,kgallwas
Salar,Diep,sdiep
Joaquin,Closs,jcloss
Warren,Douthett,wdouthet
Heinrich,Deloach,hdeloach
Arnie,Dzierzanowski,adzierza
Kaylan,Dalzen,kdalzen
Owen,Cragg,ocragg
Seth,Doler,sdoler
Cash,Fleury,cfleury
Daylen,Brozyna,dbrozyna
Johnboy,Arreola,jarreola
Tyler-Jay,Cotham,tcotham
Ravinder,Caddle,rcaddle
Paidi,Blaszak,pblaszak
Jared,Croteau,jcroteau
Jayden-Oliver,Arnst,jarnst
Eliot,Dahms,edahms
Sydney,Flakne,sflakne
Kelly,Englehart,kengleha
Gian,Furbish,gfurbish
Witold,Chantos,wchantos
Giorgi,Buchler,gbuchler
Maison,Donnell,mdonnell
Abubakar,Fosmire,afosmire
Aren,Brihon,abrihon
Phinehas,Continenza,pcontine
Tivon,Balder,tbalder
James-Henry,Elvers,jelvers
Haris,Aggarwal,haggarwa
Hamzah,Branscum,hbranscu
Hadee,Arendz,harendz
Addison,Flatter,aflatter
Jac,Baulch,jbaulch
Jasper-John,Arnhold,jarnhold
Eyass,Delasko,edelasko
Ayomitilekun,Chewning,achewnin
Oran,Carril,ocarril
Devyn-Andrew,Churn,dchurn
Alwaleed,Amoako,aamoako
Jairo,Gundlach,jgundlac
El-Yri,Ciervo,eciervo
Stan,Bathke,sbathke
Amrit,Fraleigh,afraleig
Birrell,Free,bfree
Simon,Druck,sdruck
Bartlomiej,Freddrick,bfreddri
Kendrick,Haaland,khaaland
Emanuele,Fugah,efugah
Camaro-Riley,Grimmer,cgrimmer
Darius,Brandeis,dbrandei
Denholm,Dehaemers,ddehaeme
Dougray,Grulke,dgrulke
Berken,Britz,bbritz
Marks,Hajduk,mhajduk
Lukas,Gilley,lgilley
Bayley,Andree,bandree
Caylen,Declercq,cdeclerc
Miraj,Desmet,mdesmet
Tobiloba,Camm,tcamm
Souleymane,Falconer,sfalcone
Loghan,Aldous,laldous
Tino,Boenisch,tboenisc
Yuhao,Cannedy,ycannedy
Kien,Aslanian,kaslania
Chai,Berczy,cberczy
Macaulie,Ernsberger,mernsber
Avik,Greig,agreig
Cohen,Adamec,cadamec
Jan,Baril,jbaril
Branden,Beane,bbeane
Yusuf,Ahearn,yahearn
Vinuda,Bogus,vbogus
Fionn,Dominowski,fdominow
Aqib,Bemrich,abemrich
Dyllen,Appenzeller,dappenze
Aarron,Czarny,aczarny
Enes,Arabian,earabian
Bamidele,Chia,bchia
Zayan,Amador,zamador
Huzaifah,Fishman,hfishman
Kristoffer,Cha,kcha
Rocky,Blomstrom,rblomstr
Dino,Alles,dalles
Sammy,Danzer,sdanzer
Cody-Jack,Bergem,cbergem
Blake,Baraby,bbaraby
Adam,Cowlin,acowlin
Lawrence,Aten,laten
Olivier,Caroll,ocaroll
Kason,Fogerty,kfogerty
Kieran,Dodds,kdodds
Damon,Bosworth,dboswort
Maciej,Catterton,mcattert
Cody-Lee,Chovanec,cchovane
Brady,Casareno,bcasaren
Elis,Delahoya,edelahoy
Bailey,Gira,bgira
Soul,Dillabough,sdillabo
Hugo,Carangelo,hcarange
Goodluck,Ardrey,gardrey
Caelen,Dowd,cdowd
Ninian,Awong,nawong
Alby,Filary,afilary
Austyn,Brint,abrint
Odynn,Hameen,ohameen
Amat,Fragosa,afragosa
Matiass,Eschen,meschen
Sarbjeet,Fagnani,sfagnani
Essien,Arambula,earambul
Rashid,Coomey,rcoomey
Llewyn,Derito,lderito
Jean-Charles,Bickett,jbickett
Perrie,Hamsher,phamsher
Coen,Aiu,caiu
Kobi,Goerdt,kgoerdt
Layton,Carbary,lcarbary
Fahad,Cintra,fcintra
Brock,Debruhl,bdebruhl
Koye,Depont,kdepont
Hamish,Feather,hfeather
Cai,Boundy,cboundy
Bajan,Andra,bandra
Roy,Graces,rgraces
Armaghan,Anastas,aanastas
Zavier,Duponte,zduponte
Joseph,Capella,jcapella
Millan,Hallaway,mhallawa
Ayan,Crossan,acrossan
Deklyn,Berlove,dberlove
Muzamil,Averitte,maveritt
Maxim,Chafin,mchafin
Valentin,Camuso,vcamuso
Koushik,Enwall,kenwall
Kelvin,Adon,kadon
Charlie,Cantoran,ccantora
Norri,Esterson,nesterso
Kairo,Certain,kcertain
Lachlann,Cummer,lcummer
Kobe,Carruth,kcarruth
Mate,Deschino,mdeschin
Jaydan,Brasel,jbrasel
Aihran,Dastrup,adastrup
Mikaeel,Bizzard,mbizzard
Ketan,Engley,kengley
Rayyan,Barra,rbarra
Cjay,Beatie,cbeatie
Zidane,Belcourt,zbelcour
Leeryan,Birchard,lbirchar
Masen,Boughan,mboughan
Trento,Harrison,tharriso
Tumininu,Baldwyn,tbaldwyn
Yaksh,Geurin,ygeurin
Kingsley,Gottemoeller,kgottemo
Joe-Alan,Emerson,jemerson
Alesio,Goldak,agoldak
P-Jay,Consolazio,pconsola
Bradley,Crapser,bcrapser
Abubakar,Amderson,aamderso
Oghenefejiro,Blandin,oblandin
Connor,Abadie,cabadie
John,Bolner,jbolner
Arta,Greenstein,agreenst
Kobimtochukwu,Billot,kbillot
Coire,Anne,canne
Bradley,Gillenwaters,bgillenw
Ollie,Caplener,ocaplene
Magnus-Mackenzie,Colletti,mcollett
Huseyn,Budzynski,hbudzyns
Ayden,Donahue,adonahue
Ronald,Gonzalas,rgonzala
Hughie,Becklund,hbecklun
Haseeb,Guinle,hguinle
Calvin,Fedalen,cfedalen
Thain,Fang,tfang
Jude,Aber,jaber
Abdelmageed,Belgarde,abelgard
Frederick,Dollar,fdollar
Lucca,Dorin,ldorin
Dillinger,Grudzien,dgrudzie
Reily,Diani,rdiani
Ahmad,Casaliggi,acasalig
Maximino,Colvin,mcolvin
Aodhan,Fleet,afleet
Mayson-Ray,Bushey,mbushey
Artur,Ainsworth,aainswor
Lochlan,Dobrunz,ldobrunz
Ibaad,Beyer,ibeyer
Lyll,Auclair,lauclair
Ayyub,Brainard,abrainar
Kacy,Bumgarner,kbumgarn
Brendan,Adney,badney
Daibhidh,Gronvall,dgronval
Aidan-Scott,Amerson,aamerson
Clark,Bosque,cbosque
Niven,Chait,nchait
Braden,Androlewicz,bandrole
Arion,Greenfield,agreenfi
Jamie,Coyier,jcoyier
Tanay,Bodily,tbodily
Aarv,Chappelear,achappel
Lochlain,Burnsworth,lburnswo
Wan,Dupaski,wdupaski
Sahir,General,sgeneral
Glenn,Bauerkemper,gbauerke
Lochlan,Giggey,lgiggey
Dayle,Frizzell,dfrizzel
Darrell,Chriswell,dchriswe
Hussam,Gulbranson,hgulbran
Xander,Bardill,xbardill
Fredrick,Ekins,fekins
Aran,Bragan,abragan
Jaspreet,Becvar,jbecvar
Leiton,Burlingame,lburling
Aarran,Belfast,abelfast
Cassius,Gloster,cgloster
Fateh,Duenwald,fduenwal
Pablo,Chaleun,pchaleun
Elis,Godoy,egodoy
Pierce,Gaylor,pgaylor
Danielo,Antinore,dantinor
Connan,Defee,cdefee
David,Cozier,dcozier
Darach,Allegrini,dallegri
Emanuel,Floren,efloren
Lok,Colflesh,lcolfles
Lyndon,Beemon,lbeemon
Giuliano,Furey,gfurey
Percival,Consuegra,pconsueg
Xiangle,Gettle,xgettle
Satthik,Corkran,scorkran
Vihan,Dinola,vdinola
Gabriel,Bonaventure,gbonaven
Brandan,Airth,bairth
Calai,Benyard,cbenyard
Olaf,Batarse,obatarse
Rowen,Badillo,rbadillo
Mathew,Barreira,mbarreir
Hamish,Dobbin,hdobbin
Rigo,Cagan,rcagan
Jokubas,Dugi,jdugi
Ivan,Barry,ibarry
Rocky,Gelb,rgelb
Zidan,Forsch,zforsch
Etinosa,Fukuroku,efukurok
Leathan,Braunberger,lbraunbe
Veer,Bejil,vbejil
Seumais,Bahler,sbahler
River,Ferrusi,rferrusi
Benjamin,Banh,bbanh
Rhoan,Backe,rbacke
Orrin,Altman,oaltman
Brett,Dae,bdae
Innes,Bonebright,ibonebri
Daley,Goldson,dgoldson
Caiden-Jay,Grijalva,cgrijalv
Emil,Fiato,efiato
Mitchell,Doke,mdoke
Maxie,Halbritter,mhalbrit
Yakub,Bohren,ybohren
Aadit,Chapman,achapman
Kelvin,Baroldy,kbaroldy
Cailan,Goosen,cgoosen
Rylie,Feuss,rfeuss
James-Junior,Gunnarson,jgunnars
Yunus,Czaplicki,yczaplic
Hal,Clarence,hclarenc
Odafeoghene,Axthelm,oaxthelm
Chayce,Eckl,ceckl
Gosim,Delisle,gdelisle
Zixiang,Dismore,zdismore
Will,Crooked,wcrooked
Anthony-Junior,Amsterdam,aamsterd
Alec-Andrew,Grassi,agrassi
Matthis,Coluccio,mcolucci
Buddy,Ceccarelli,bceccare
Johnny,Botha,jbotha
Harrisyn,Claud,hclaud
Saim,Har,shar
Sampreet,Caldoron,scaldoro
Derek,Borwig,dborwig
Jaymie,Gurganus,jgurganu
Oluwashinaayomi,Hamling,ohamling
Cavin,Eckart,ceckart
Yersultan,Balo,ybalo
Rafe,Brearley,rbrearle
Tymoteusz,Finkenbinder,tfinkenb
Arney,Brimmer,abrimmer
Kyran-Daniel,Colace,kcolace
Obafemi,Buzzell,obuzzell
Dron,Ehli,dehli
Jack,Dispirito,jdispiri
Daegan,Bergseng,dbergsen
Makai,Burtell,mburtell
Jordahn,Gustafson,jgustafs
Joseph-Henry,Gustitus,jgustitu
Armand,Fleischer,afleisch
Harvey,Barahona,hbarahon
Henry-Lee,Gaarsland,hgaarsla
Salahuddin,Dunmore,sdunmore
Evan,Cappelli,ecappell
Malek,Beerly,mbeerly
Toran,Dimuccio,tdimucci
Macson,Bursey,mbursey
Namish,Determann,ndeterma
Atharv,Files,afiles
Cian,Cardarelli,ccardare
Kavin,Biggio,kbiggio
Neo,Blakeborough,nblakebo
Yuki,Ghebremicael,yghebrem
Dhia,Bruggman,dbruggma
Wing,Candy,wcandy
Cai,Fiorello,cfiorell
Herkus,Ellena,hellena
Jacob,Bandy,jbandy
Lochy,Garder,lgarder
Asim,Deakyne,adeakyne
Rishabh,Cagnon,rcagnon
Glenn,Catchpole,gcatchpo
Clark,Dominick,cdominic
Aadyn,Amanza,aamanza
Lukas,Feldhaus,lfeldhau
Gene,Gorr,ggorr
Saheer,Diem,sdiem
Johnston,Bullo,jbullo
Conor-John,Groebner,cgroebne
Jayjay,Fobes,jfobes
Hisham,Gabbard,hgabbard
Dion,Apkin,dapkin
Lasso,Epstein,lepstein
Zorawar,Fauth,zfauth
Stephan,Finister,sfiniste
Jowan,Guterman,jguterma
Tafara,Cort,tcort
Oluwatimilehin,Aymond,oaymond
Adil,Fossett,afossett
Jayson,Bulcao,jbulcao
Hassan,Dorf,hdorf
Maks,Hain,mhain
Aubury,Brinkman,abrinkma
Aaryan,Durboraw,adurbora
Martin,Carel,mcarel
Mac,Cuen,mcuen
Maciej,Driskill,mdriskil
Alessio,Alfreds,aalfreds
Atley,Deane,adeane
Kearney,Bihl,kbihl
Ranald,Altschuler,raltschu
Rylan,Hanz,rhanz
Radoslav,Everhart,reverhar
Cadain,Grigalonis,cgrigalo
Mitch,Esler,mesler
Ladimer,Burkholder,lburkhol
Griffin,Buchs,gbuchs
Callan,Barbati,cbarbati
Ennor,Bertone,ebertone
Hajoon,Guile,hguile
Nawaz,Detillion,ndetilli
Bryce,Carther,bcarther
Aden,Basich,abasich
Ruary,Bloss,rbloss
Maxx-James,Deshazo,mdeshazo
Kaiyro,Bungart,kbungart
Khadel,Codere,kcodere
Lenni,Garan,lgaran
Esben,Guarin,eguarin
Scot,Aikman,saikman
Elijah,Doescher,edoesche
Sehej,Bah,sbah
Karam,Endsley,kendsley
Corbyn,Caswell,ccaswell
Diaz,Apel,dapel
Aavo,Brening,abrening
Robert-Jake,Geissel,rgeissel
Sparsh,Hare,share
Aadirath,Gramlich,agramlic
Layton-Joe,Bionda,lbionda
Otava,Eure,oeure
Mohtad,Compiseno,mcompise
Shahzaib,Gradle,sgradle
Hendrik,Clavin,hclavin
Lochlain,Birman,lbirman
Tom,Carfora,tcarfora
Aizen,Grasha,agrasha
Bremner,Benoy,bbenoy
Zafir,Coutu,zcoutu
Howard,Delorme,hdelorme
Marley,Boschult,mboschul
Caelin,Fletchen,cfletche
Andrey,Davia,adavia
Danny,Feltham,dfeltham
Korbin,Hackshaw,khacksha
Aulay,Basista,abasista
Etienne,Eilts,eeilts
Neil,Ferniza,nferniza
Husnain,Aristizabal,haristiz
Arbaaz,Amyot,aamyot
Korou,Buri,kburi
Ally,Carpen,acarpen
Kainan,Guttery,kguttery
Garfield,Elbaum,gelbaum
Rhylee,Caffee,rcaffee
Carson,Dobkins,cdobkins
Mils,Bjorgen,mbjorgen
Vihen,Gesell,vgesell
Emanuele,Aquilar,eaquilar
Okike,Connealy,oconneal
Jock,Bouchie,jbouchie
Cristian,Grollman,cgrollma
Killian,Bratu,kbratu
Gilbert,Beckendorf,gbeckend
Zi,Cartaya,zcartaya
Juan,Bielser,jbielser
Arsalan,Chernow,achernow
Hao,Fillman,hfillman
Rudi-Jac,Hansome,rhansome
Mourade,Avanzato,mavanzat
Alberto,Cavett,acavett
Euan,Cracknell,ecrackne
Salmaan,Blunden,sblunden
Sholto,Callari,scallari
Seamus,Fidel,sfidel
Kaidon,Brasser,kbrasser
Zakaria,Belarde,zbelarde
Chineme,Grissinger,cgrissin
Igor,Crisostomo,icrisost
Ryan,Fearheller,rfearhel
Hasnain,Elkington,helkingt
David-Junior,Broyles,dbroyles
Mikail-Adam,Comissiong,mcomissi
Tylor,Farin,tfarin
Rana,Bracamonte,rbracamo
Terry,Germon,tgermon
Pavit,Devor,pdevor
Seiji,Diffey,sdiffey
Yusuf,Dorado,ydorado
Jasper,Dollison,jdolliso
Umberto,Camposano,ucamposa
Alasdair,Carcano,acarcano
Lochie,Colen,lcolen
Reyansh,Figuera,rfiguera
Theo-James,Boehning,tboehnin
Prasun,Eveleigh,peveleig
Brinley,Freidet,bfreidet
Azan,Chhim,achhim
Zephyr,Canson,zcanson
Kwabena,Binggeli,kbinggel
Kal,Filyan,kfilyan
Kaleb,Bonkowski,kbonkows
Siva,Hardridge,shardrid
Zayd,Baltodano,zbaltoda
Raeden,Blechinger,rblechin
Favoured,Arbizo,farbizo
Frazey,Besson,fbesson
Greg,Carmony,gcarmony
Jaydon,Gollier,jgollier
Conal,Choy,cchoy
Tobin,Dimodica,tdimodic
Ak,Chaudoin,achaudoi
Johnny,Dorsch,jdorsch
Ramy,Gebauer,rgebauer
Edoardo,Berson,eberson
Willie,Bohlig,wbohlig
Wesley,Bradby,wbradby
Jinesh,Bidgood,jbidgood
Malakai,Derry,mderry
Kamran,Barriault,kbarriau
Carlo,Goldrich,cgoldric
Ayrton,Goldfeld,agoldfel
Addison,Golar,agolar
Ekkam,Berteotti,eberteot
Aonghus,Drapeaux,adrapeau
Indy,Gadbois,igadbois
Curtis-James,Edlund,cedlund
Daragh,Groseclose,dgrosecl
Cowyn,Christenberry,cchriste
Sheldon,Cornish,scornish
Gaius,Funes,gfunes
Forres,Buben,fbuben
Cobi-Dean,Annabel,cannabel
Killean,Gameros,kgameros
Azhar,Brisson,abrisson
Hao,Allor,hallor
Finnan,Fulmore,ffulmore
Faluin,Fullam,ffullam
Mukhtar,Avent,mavent
Rana,Dragaj,rdragaj
Reuben,Cranford,rcranfor
Denver,Allender,dallende
Nathen,Blailock,nblailoc
Matyas,Fong,mfong
Israel,Elmes,ielmes
Pip,Dewar,pdewar
Carter-James,Decius,cdecius
King,Depaolo,kdepaolo
Jamie-Joseph,Demas,jdemas
Sameer,Grad,sgrad
Reiss,Gonska,rgonska
Maksims,Dancy,mdancy
Liban,Hagene,lhagene
Dani,Duckwall,dduckwal
Natinal,Gassner,ngassner
Caorran,Echaure,cechaure
Kajole,Bieschke,kbieschk
Llewyn,Gard,lgard
Amarjeet,Brienza,abrienza
Rhyan,Batel,rbatel
Chukwuatoka,Dedominicis,cdedomin
Saahil,Genco,sgenco
Jiatao,Demeritt,jdemerit
Tanmay,Bal,tbal
Garry,Downes,gdownes
Micah,Bascle,mbascle
Brax,Bowl,bbowl
Hubert,Baughan,hbaughan
Jace,Bassler,jbassler
Sohan,Baird,sbaird
Emre,Brunswick,ebrunswi
Iulian,Armendarez,iarmenda
Nick,Fonte,nfonte
Arranjeet,Benchoff,abenchof
Walter,Bottemiller,wbottemi
William,Giardino,wgiardin
Xander,Gilling,xgilling
Udochukwu,Harshberger,uharshbe
Allan,Fellner,afellner
Matej,Aune,maune
Oluwapamilerinayo,Devenuto,odevenut
Wilson,Barsuhn,wbarsuhn
Charlie,Cowger,ccowger
Rylee,Droy,rdroy
Kairon,Artuso,kartuso
Zakaria,Dario,zdario
Jonty,Arritola,jarritol
Boto,Childress,bchildre
Reagan,Aidt,raidt
Saurav,Calero,scalero
Olivers,Gaugler,ogaugler
Brendan,Donayre,bdonayre
Jenosh,Galanga,jgalanga
Thomas-Joseph,Coslow,tcoslow
Marton,Hakes,mhakes
Kayn,Cochren,kcochren
Royal,Facteau,rfacteau
Leevi-Alexander,Athas,lathas
Darraich,Antone,dantone
Brian,Carilli,bcarilli
Aness,Cheeseman,acheesem
Atholl,Greggs,agreggs
Mbete,Garrick,mgarrick
Adi,Daryanl,adaryanl
Kolvin,Assael,kassael
Zayden,Gramble,zgramble
Ibrahem,Bueggens,ibueggen
Cayden,Bonte,cbonte
Jaxyn,Filoteo,jfiloteo
Sarim,Dieteman,sdietema
Sezgin,Corne,scorne
Ljay,Atterson,latterso
Davey,Berkshire,dberkshi
Eugen,Guasp,eguasp
Blair,Craker,bcraker
Johnlewis,Biehle,jbiehle
Charlie,Favorite,cfavorit
Corrigan,Anolick,canolick
Krystian,Depping,kdepping
Berty,Debell,bdebell
Pratik,Contratto,pcontrat
Jaideep,Cleverly,jcleverl
Soren,Bockelman,sbockelm
Dilans,Cellar,dcellar
Sean-Paul,Bredy,sbredy
Manni,Bish,mbish
Zeyad,Coverton,zcoverto
Martyn,Colpaert,mcolpaer
Blane,Brakeman,bbrakema
Koji,Enstad,kenstad
Crusoe,Beaudin,cbeaudin
Georgie,Delgato,gdelgato
Oluwaseun,Blankley,oblankle
Yilin,Hartzell,yhartzel
Leo-James,Fitzhugh,lfitzhug
Zixian,Hashim,zhashim
Ekansh,Delagarza,edelagar
Manveer,Garnette,mgarnett
Daniels,Christmas,dchristm
Kurt,Cokel,kcokel
Corren,Defonce,cdefonce
Axl,Caylor,acaylor
Phelim,Blausey,pblausey
Kenzie-Jay,Ashing,kashing
Noa,Blan,nblan
Abdulazis,Belin,abelin
Aubrey,Glenn,aglenn
Mahmood,Haik,mhaik
Alfie,Dito,adito
Ebrima-Fai,Brunell,ebrunell
Voi,Couden,vcouden
Kirk,Fitzen,kfitzen
Jaad,Gummer,jgummer
Mckenzie-Lee,Escorza,mescorza
Orion,Hammargren,ohammarg
Dominik,Barne,dbarne
Amin,Fraioli,afraioli
Kolton,Folk,kfolk
Maximus,Gisin,mgisin
Jaimie,Armson,jarmson
Ayaan,Bordeaux,abordeau
Danial,Gordinier,dgordini
Mousa,Blackmer,mblackme
Aariv,Forstedt,aforsted
Yinglin,Fasone,yfasone
Georgie,Funston,gfunston
Mihails,Eshmon,meshmon
Brayden,Donoso,bdonoso
Oghenemarho,Estrado,oestrado
Nicolaas,Blakeslee,nblakesl
Kalen,Arvanitis,karvanit
Karlo,Buntz,kbuntz
Guriy,Furmanik,gfurmani
Kanaya,Bunte,kbunte
Ryder,Chamley,rchamley
Hubert,Ellermann,hellerma
Bryn,Drayton,bdrayton
Akondu,Briar,abriar
Conalin,Brossart,cbrossar
Davey,Frittz,dfrittz
Arleigh,Greenier,agreenie
Allister,Belonger,abelonge
Zane,Barno,zbarno
Boris,Broady,bbroady
Indy,Ellout,iellout
Murraylee,Butch,mbutch
Iyan,Gadwah,igadwah
Ilyes,Delreal,idelreal
Armaan,Dubbs,adubbs
Shaikh,Cornelius,scorneli
Mustaqeem,Conde,mconde
Qaiser,Contrino,qcontrin
Arann,Dykes,adykes
Tijan,Dimitrov,tdimitro
Raymond,Gofman,rgofman
Kye,Cardle,kcardle
Kalvyn,Fithian,kfithian
Atharva,Dachelet,adachele
Sebastian,Ablin,sablin
Rufus,Behunin,rbehunin
Amrit,Brigante,abrigant
Byron,Albarran,balbarra
Wyn,Dipaolo,wdipaolo
Claudiu,Deegan,cdeegan
Baxter,Dothard,bdothard
Isaiah,Gulliver,igullive
Edward,Aburto,eaburto
Krishaan,Gangadyal,kgangady
Ayomiyato,Andes,aandes
Adyn,Breunig,abreunig
Thom,Bartolotto,tbartolo
Easton,Ceman,eceman
Cade,Filipek,cfilipek
Shreyansh,Bailon,sbailon
